"","series","ID","class","slope","climate","bearing_TN","Weight","Max.length","Max.width","Max.thick","near_dist_m"
"1",1,1014,"f","south",NA,NA,NA,NA,NA,NA,0.01
"2",1,1015,"f","south",NA,NA,NA,NA,NA,NA,0.02
"3",1,1016,"f","south",NA,NA,NA,NA,NA,NA,0.01
"4",1,1017,"f","south",NA,NA,NA,NA,NA,NA,0.03
"5",1,1018,"f","south",NA,NA,NA,NA,NA,NA,0.03
"6",1,1019,"f","south",NA,NA,NA,NA,NA,NA,0.02
"7",1,1020,"f","south",NA,NA,NA,NA,NA,NA,0.02
"8",1,1021,"f","south",NA,NA,NA,NA,NA,NA,0.01
"9",1,1022,"f","south",NA,NA,NA,NA,NA,NA,0.01
"10",1,1023,"f","south",NA,NA,NA,NA,NA,NA,0.03
"11",1,1024,"f","south",NA,NA,NA,NA,NA,NA,0.02
"12",1,1025,"f","south",NA,NA,NA,NA,NA,NA,0.02
"13",1,1026,"f","south",NA,NA,NA,NA,NA,NA,0.01
"14",1,1027,"f","south",NA,NA,NA,NA,NA,NA,0.01
"15",1,1028,"f","south",NA,NA,NA,NA,NA,NA,NA
"16",1,1029,"f","south",NA,NA,NA,NA,NA,NA,0.01
"17",1,1030,"f","south",NA,NA,NA,NA,NA,NA,0.02
"18",1,1034,"f","south",NA,NA,NA,NA,NA,NA,0.02
"19",1,1035,"f","south",NA,NA,NA,NA,NA,NA,0.01
"20",1,1036,"f","south",NA,NA,NA,NA,NA,NA,0.01
"21",1,1037,"f","south",NA,NA,NA,NA,NA,NA,NA
"22",1,1038,"f","south",NA,NA,NA,NA,NA,NA,0.01
"23",1,1039,"f","south",NA,NA,NA,NA,NA,NA,0.01
"24",1,1040,"f","south",NA,NA,NA,NA,NA,NA,NA
"25",1,1041,"f","south",NA,NA,NA,NA,NA,NA,NA
"26",1,1042,"f","south",NA,NA,NA,NA,NA,NA,NA
"27",1,1043,"f","south",NA,NA,NA,NA,NA,NA,NA
"28",1,1044,"f","south",NA,NA,NA,NA,NA,NA,NA
"29",1,1045,"f","south",NA,NA,NA,NA,NA,NA,NA
"30",1,1046,"f","south",NA,NA,NA,NA,NA,NA,0.02
"31",1,1047,"f","south",NA,NA,NA,NA,NA,NA,NA
"32",1,1048,"f","south",NA,NA,NA,NA,NA,NA,0.01
"33",1,1049,"f","south",NA,NA,NA,NA,NA,NA,0.02
"34",1,1050,"f","south",NA,NA,NA,NA,NA,NA,0.01
"35",1,1051,"f","south",NA,NA,NA,NA,NA,NA,0.02
"36",1,1052,"f","south",NA,NA,NA,NA,NA,NA,0.02
"37",1,1053,"f","south",NA,NA,NA,NA,NA,NA,0.01
"38",1,1054,"f","south",NA,NA,NA,NA,NA,NA,0.02
"39",1,1055,"f","south",NA,NA,NA,NA,NA,NA,0.01
"40",1,1056,"f","south",NA,NA,NA,NA,NA,NA,0.01
"41",1,1057,"f","south",NA,NA,NA,NA,NA,NA,0.02
"42",1,1058,"f","south",NA,NA,NA,NA,NA,NA,NA
"43",1,1059,"f","south",NA,NA,NA,NA,NA,NA,0.01
"44",1,1060,"f","south",NA,NA,NA,NA,NA,NA,0.02
"45",1,1061,"f","south",NA,NA,NA,NA,NA,NA,0.02
"46",1,1065,"f","south",NA,NA,NA,NA,NA,NA,0.01
"47",1,1066,"f","south",NA,NA,NA,NA,NA,NA,NA
"48",1,1067,"f","south",NA,NA,NA,NA,NA,NA,0.01
"49",1,1068,"f","south",NA,NA,NA,NA,NA,NA,0.01
"50",1,1069,"f","south",NA,NA,NA,NA,NA,NA,0.01
"51",1,1070,"f","south",NA,NA,NA,NA,NA,NA,0.01
"52",1,1071,"f","south",NA,NA,NA,NA,NA,NA,NA
"53",1,1072,"f","south",NA,NA,NA,NA,NA,NA,0.01
"54",1,1073,"f","south",NA,NA,NA,NA,NA,NA,0.01
"55",1,1074,"f","south",NA,NA,NA,NA,NA,NA,NA
"56",1,1075,"f","south",NA,NA,NA,NA,NA,NA,NA
"57",1,1076,"f","south",NA,NA,NA,NA,NA,NA,NA
"58",1,1077,"f","south",NA,NA,NA,NA,NA,NA,NA
"59",1,1078,"f","south",NA,NA,NA,NA,NA,NA,NA
"60",1,1079,"f","south",NA,NA,NA,NA,NA,NA,0.01
"61",1,1080,"f","south",NA,NA,NA,NA,NA,NA,NA
"62",1,1081,"f","south",NA,NA,NA,NA,NA,NA,0.01
"63",1,1082,"f","south",NA,NA,NA,NA,NA,NA,0.01
"64",1,1083,"f","south",NA,NA,NA,NA,NA,NA,NA
"65",1,1084,"f","south",NA,NA,NA,NA,NA,NA,NA
"66",1,1085,"f","south",NA,NA,NA,NA,NA,NA,NA
"67",1,1086,"f","south",NA,NA,NA,NA,NA,NA,0.01
"68",1,1087,"f","south",NA,NA,NA,NA,NA,NA,0.01
"69",1,1088,"f","south",NA,NA,NA,NA,NA,NA,NA
"70",1,1089,"f","south",NA,NA,NA,NA,NA,NA,NA
"71",1,1090,"f","south",NA,NA,NA,NA,NA,NA,0.01
"72",1,1091,"f","south",NA,NA,NA,NA,NA,NA,NA
"73",1,1092,"f","south",NA,NA,NA,NA,NA,NA,NA
"74",1,1096,"f","south",NA,NA,NA,NA,NA,NA,0.01
"75",1,1097,"f","south",NA,NA,NA,NA,NA,NA,NA
"76",1,1098,"f","south",NA,NA,NA,NA,NA,NA,NA
"77",1,1099,"f","south",NA,NA,NA,NA,NA,NA,0.01
"78",1,1100,"f","south",NA,NA,NA,NA,NA,NA,NA
"79",1,1101,"f","south",NA,NA,NA,NA,NA,NA,NA
"80",1,1102,"f","south",NA,NA,NA,NA,NA,NA,NA
"81",1,1103,"f","south",NA,NA,NA,NA,NA,NA,NA
"82",1,1104,"f","south",NA,NA,NA,NA,NA,NA,NA
"83",1,1105,"f","south",NA,NA,NA,NA,NA,NA,NA
"84",1,1106,"f","south",NA,NA,NA,NA,NA,NA,0.01
"85",1,1107,"f","south",NA,NA,NA,NA,NA,NA,NA
"86",1,1108,"f","south",NA,NA,NA,NA,NA,NA,NA
"87",1,1109,"f","south",NA,NA,NA,NA,NA,NA,NA
"88",1,1110,"f","south",NA,NA,NA,NA,NA,NA,0.01
"89",1,1111,"f","south",NA,NA,NA,NA,NA,NA,0.01
"90",1,1112,"f","south",NA,NA,NA,NA,NA,NA,NA
"91",1,1113,"f","south",NA,NA,NA,NA,NA,NA,NA
"92",1,1114,"f","south",NA,NA,NA,NA,NA,NA,0.01
"93",1,1115,"f","south",NA,NA,NA,NA,NA,NA,0.01
"94",1,1116,"f","south",NA,NA,NA,NA,NA,NA,0.01
"95",1,1117,"f","south",NA,NA,NA,NA,NA,NA,0.01
"96",1,1118,"f","south",NA,NA,NA,NA,NA,NA,0.01
"97",1,1119,"f","south",NA,NA,NA,NA,NA,NA,0.01
"98",1,1120,"f","south",NA,NA,NA,NA,NA,NA,NA
"99",1,1121,"f","south",NA,NA,NA,NA,NA,NA,NA
"100",1,1122,"f","south",NA,NA,NA,NA,NA,NA,0.01
"101",1,1125,"f","south",NA,NA,NA,NA,NA,NA,NA
"102",1,1128,"f","south",NA,NA,NA,NA,NA,NA,NA
"103",1,1129,"f","south",NA,NA,NA,NA,NA,NA,0.01
"104",1,1130,"f","south",NA,NA,NA,NA,NA,NA,NA
"105",1,1131,"f","south",NA,NA,NA,NA,NA,NA,NA
"106",1,1132,"f","south",NA,NA,NA,NA,NA,NA,NA
"107",1,1133,"f","south",NA,NA,NA,NA,NA,NA,0.01
"108",1,1134,"f","south",NA,NA,NA,NA,NA,NA,0.01
"109",1,1135,"f","south",NA,NA,NA,NA,NA,NA,0.01
"110",1,1136,"f","south",NA,NA,NA,NA,NA,NA,NA
"111",1,1137,"f","south",NA,NA,NA,NA,NA,NA,0.01
"112",1,1138,"f","south",NA,NA,NA,NA,NA,NA,0.02
"113",1,1139,"f","south",NA,NA,NA,NA,NA,NA,0.02
"114",1,1140,"f","south",NA,NA,NA,NA,NA,NA,0.02
"115",1,1141,"f","south",NA,NA,NA,NA,NA,NA,0.02
"116",1,1142,"f","south",NA,NA,NA,NA,NA,NA,0.02
"117",1,1143,"f","south",NA,NA,NA,NA,NA,NA,0.02
"118",1,1144,"f","south",NA,NA,NA,NA,NA,NA,0.01
"119",1,1145,"f","south",NA,NA,NA,NA,NA,NA,0.02
"120",1,1146,"f","south",NA,NA,NA,NA,NA,NA,0.01
"121",1,1147,"f","south",NA,NA,NA,NA,NA,NA,NA
"122",1,1148,"f","south",NA,NA,NA,NA,NA,NA,0.01
"123",1,1149,"f","south",NA,NA,NA,NA,NA,NA,NA
"124",1,1150,"f","south",NA,NA,NA,NA,NA,NA,NA
"125",1,1151,"f","south",NA,NA,NA,NA,NA,NA,NA
"126",1,1152,"f","south",NA,NA,NA,NA,NA,NA,NA
"127",1,1153,"f","south",NA,NA,NA,NA,NA,NA,NA
"128",1,1154,"f","south",NA,NA,NA,NA,NA,NA,0.01
"129",1,1155,"f","south",NA,NA,NA,NA,NA,NA,NA
"130",1,1158,"f","south",NA,NA,NA,NA,NA,NA,0.01
"131",1,1160,"f","south",NA,NA,NA,NA,NA,NA,NA
"132",1,1161,"f","south",NA,NA,NA,NA,NA,NA,NA
"133",1,1162,"f","south",NA,NA,NA,NA,NA,NA,NA
"134",1,1163,"f","south",NA,NA,NA,NA,NA,NA,NA
"135",1,1164,"f","south",NA,NA,NA,NA,NA,NA,NA
"136",1,1165,"f","south",NA,NA,NA,NA,NA,NA,NA
"137",1,1166,"f","south",NA,NA,NA,NA,NA,NA,NA
"138",1,1167,"f","south",NA,NA,NA,NA,NA,NA,NA
"139",1,1168,"f","south",NA,NA,NA,NA,NA,NA,0.01
"140",1,1169,"f","south",NA,NA,NA,NA,NA,NA,0.01
"141",1,1170,"f","south",NA,NA,NA,NA,NA,NA,NA
"142",1,1171,"f","south",NA,NA,NA,NA,NA,NA,0.01
"143",1,1172,"f","south",NA,NA,NA,NA,NA,NA,NA
"144",1,1173,"f","south",NA,NA,NA,NA,NA,NA,0.01
"145",1,1174,"f","south",NA,NA,NA,NA,NA,NA,NA
"146",1,1175,"f","south",NA,NA,NA,NA,NA,NA,0.01
"147",1,1176,"f","south",NA,NA,NA,NA,NA,NA,NA
"148",1,1177,"f","south",NA,NA,NA,NA,NA,NA,0.01
"149",1,1178,"f","south",NA,NA,NA,NA,NA,NA,0.02
"150",1,1179,"f","south",NA,NA,NA,NA,NA,NA,0.01
"151",1,1180,"f","south",NA,NA,NA,NA,NA,NA,0.01
"152",1,1181,"f","south",NA,NA,NA,NA,NA,NA,0.02
"153",1,1182,"f","south",NA,NA,NA,NA,NA,NA,0.03
"154",1,1183,"f","south",NA,NA,NA,NA,NA,NA,0.02
"155",1,1184,"f","south",NA,NA,NA,NA,NA,NA,0.02
"156",1,1185,"f","south",NA,NA,NA,NA,NA,NA,0.02
"157",1,1186,"f","south",NA,NA,NA,NA,NA,NA,0.03
"158",1,1190,"f","south",NA,NA,NA,NA,NA,NA,0.03
"159",1,1191,"f","south",NA,NA,NA,NA,NA,NA,0.01
"160",1,1192,"f","south",NA,NA,NA,NA,NA,NA,0.03
"161",1,1193,"f","south",NA,NA,NA,NA,NA,NA,0.03
"162",1,1194,"f","south",NA,NA,NA,NA,NA,NA,0.02
"163",1,1195,"f","south",NA,NA,NA,NA,NA,NA,0.03
"164",1,1196,"f","south",NA,NA,NA,NA,NA,NA,0.02
"165",1,1197,"f","south",NA,NA,NA,NA,NA,NA,0.02
"166",1,1198,"f","south",NA,NA,NA,NA,NA,NA,0.01
"167",1,1199,"f","south",NA,NA,NA,NA,NA,NA,0.01
"168",1,1200,"f","south",NA,NA,NA,NA,NA,NA,NA
"169",1,1201,"f","south",NA,NA,NA,NA,NA,NA,0.01
"170",1,1202,"f","south",NA,NA,NA,NA,NA,NA,0.01
"171",1,1203,"f","south",NA,NA,NA,NA,NA,NA,NA
"172",1,1204,"f","south",NA,NA,NA,NA,NA,NA,0.01
"173",1,1205,"f","south",NA,NA,NA,NA,NA,NA,0.01
"174",1,1206,"f","south",NA,NA,NA,NA,NA,NA,0.01
"175",1,1207,"f","south",NA,NA,NA,NA,NA,NA,NA
"176",1,1208,"f","south",NA,NA,NA,NA,NA,NA,NA
"177",1,1209,"f","south",NA,NA,NA,NA,NA,NA,NA
"178",1,1210,"f","south",NA,NA,NA,NA,NA,NA,NA
"179",1,1211,"f","south",NA,NA,NA,NA,NA,NA,NA
"180",1,1212,"f","south",NA,NA,NA,NA,NA,NA,NA
"181",1,1213,"f","south",NA,NA,NA,NA,NA,NA,NA
"182",1,1214,"f","south",NA,NA,NA,NA,NA,NA,NA
"183",1,1215,"f","south",NA,NA,NA,NA,NA,NA,NA
"184",1,1216,"f","south",NA,NA,NA,NA,NA,NA,NA
"185",1,1217,"f","south",NA,NA,NA,NA,NA,NA,0.01
"186",1,1218,"f","south",NA,NA,NA,NA,NA,NA,NA
"187",1,1222,"f","south",NA,NA,NA,NA,NA,NA,NA
"188",1,1223,"f","south",NA,NA,NA,NA,NA,NA,NA
"189",1,1224,"f","south",NA,NA,NA,NA,NA,NA,NA
"190",1,1225,"f","south",NA,NA,NA,NA,NA,NA,0.01
"191",1,1226,"f","south",NA,NA,NA,NA,NA,NA,NA
"192",1,1227,"f","south",NA,NA,NA,NA,NA,NA,0.01
"193",1,1228,"f","south",NA,NA,NA,NA,NA,NA,0.01
"194",1,1229,"f","south",NA,NA,NA,NA,NA,NA,NA
"195",1,1230,"f","south",NA,NA,NA,NA,NA,NA,NA
"196",1,1231,"f","south",NA,NA,NA,NA,NA,NA,0.01
"197",1,1232,"f","south",NA,NA,NA,NA,NA,NA,NA
"198",1,1233,"f","south",NA,NA,NA,NA,NA,NA,NA
"199",1,1234,"f","south",NA,NA,NA,NA,NA,NA,NA
"200",1,1237,"f","south",NA,NA,NA,NA,NA,NA,NA
"201",1,1238,"f","south",NA,NA,NA,NA,NA,NA,NA
"202",1,1239,"f","south",NA,NA,NA,NA,NA,NA,NA
"203",1,1240,"f","south",NA,NA,NA,NA,NA,NA,NA
"204",1,1241,"f","south",NA,NA,NA,NA,NA,NA,NA
"205",1,1242,"f","south",NA,NA,NA,NA,NA,NA,NA
"206",1,1243,"f","south",NA,NA,NA,NA,NA,NA,NA
"207",1,1244,"f","south",NA,NA,NA,NA,NA,NA,NA
"208",1,1245,"f","south",NA,NA,NA,NA,NA,NA,0.01
"209",1,1246,"f","south",NA,NA,NA,NA,NA,NA,0.01
"210",1,1248,"f","south",NA,NA,NA,NA,NA,NA,0.01
"211",1,1249,"f","south",NA,NA,NA,NA,NA,NA,0.01
"212",1,1250,"f","south",NA,NA,NA,NA,NA,NA,0.01
"213",1,1254,"f","south",NA,NA,NA,NA,NA,NA,0.01
"214",1,1255,"f","south",NA,NA,NA,NA,NA,NA,0.01
"215",1,1256,"f","south",NA,NA,NA,NA,NA,NA,0.01
"216",1,1257,"f","south",NA,NA,NA,NA,NA,NA,0.01
"217",1,1259,"f","south",NA,NA,NA,NA,NA,NA,0.01
"218",1,1260,"f","south",NA,NA,NA,NA,NA,NA,0.01
"219",1,1261,"f","south",NA,NA,NA,NA,NA,NA,0.01
"220",1,1262,"f","south",NA,NA,NA,NA,NA,NA,0.01
"221",1,1263,"f","south",NA,NA,NA,NA,NA,NA,0.01
"222",1,1264,"f","south",NA,NA,NA,NA,NA,NA,0.01
"223",1,1265,"f","south",NA,NA,NA,NA,NA,NA,0.02
"224",1,1266,"f","south",NA,NA,NA,NA,NA,NA,0.01
"225",1,1267,"f","south",NA,NA,NA,NA,NA,NA,0.01
"226",1,1268,"f","south",NA,NA,NA,NA,NA,NA,0.02
"227",1,1269,"f","south",NA,NA,NA,NA,NA,NA,0.01
"228",1,1270,"f","south",NA,NA,NA,NA,NA,NA,0.02
"229",1,1271,"f","south",NA,NA,NA,NA,NA,NA,0.03
"230",1,1272,"f","south",NA,NA,NA,NA,NA,NA,0.02
"231",1,1273,"f","south",NA,NA,NA,NA,NA,NA,0.02
"232",1,1274,"f","south",NA,NA,NA,NA,NA,NA,0.02
"233",1,1275,"f","south",NA,NA,NA,NA,NA,NA,0.02
"234",1,1276,"f","south",NA,NA,NA,NA,NA,NA,0.03
"235",1,1277,"f","south",NA,NA,NA,NA,NA,NA,0.03
"236",1,1278,"f","south",NA,NA,NA,NA,NA,NA,0.03
"237",1,1279,"f","south",NA,NA,NA,NA,NA,NA,0.03
"238",1,1280,"f","south",NA,NA,NA,NA,NA,NA,0.01
"239",1,1281,"f","south",NA,NA,NA,NA,NA,NA,0.03
"240",1,1285,"f","south",NA,NA,NA,NA,NA,NA,0.04
"241",1,1286,"f","south",NA,NA,NA,NA,NA,NA,0.04
"242",1,1287,"f","south",NA,NA,NA,NA,NA,NA,0.03
"243",1,1288,"f","south",NA,NA,NA,NA,NA,NA,0.04
"244",1,1289,"f","south",NA,NA,NA,NA,NA,NA,0.03
"245",1,1290,"f","south",NA,NA,NA,NA,NA,NA,0.02
"246",1,1291,"f","south",NA,NA,NA,NA,NA,NA,0.02
"247",1,1292,"f","south",NA,NA,NA,NA,NA,NA,0.03
"248",1,1293,"f","south",NA,NA,NA,NA,NA,NA,0.02
"249",1,1294,"f","south",NA,NA,NA,NA,NA,NA,0.03
"250",1,1295,"f","south",NA,NA,NA,NA,NA,NA,0.03
"251",1,1296,"f","south",NA,NA,NA,NA,NA,NA,0.04
"252",1,1297,"f","south",NA,NA,NA,NA,NA,NA,0.03
"253",1,1298,"f","south",NA,NA,NA,NA,NA,NA,0.03
"254",1,1299,"f","south",NA,NA,NA,NA,NA,NA,0.02
"255",1,1300,"f","south",NA,NA,NA,NA,NA,NA,0.02
"256",1,1301,"f","south",NA,NA,NA,NA,NA,NA,0.03
"257",1,1302,"f","south",NA,NA,NA,NA,NA,NA,NA
"258",1,1303,"f","south",NA,NA,NA,NA,NA,NA,0.02
"259",1,1304,"f","south",NA,NA,NA,NA,NA,NA,0.02
"260",1,1305,"f","south",NA,NA,NA,NA,NA,NA,0.02
"261",1,1306,"f","south",NA,NA,NA,NA,NA,NA,0.01
"262",1,1307,"f","south",NA,NA,NA,NA,NA,NA,0.01
"263",1,1308,"f","south",NA,NA,NA,NA,NA,NA,0.02
"264",1,1309,"f","south",NA,NA,NA,NA,NA,NA,0.01
"265",1,1310,"f","south",NA,NA,NA,NA,NA,NA,0.02
"266",1,1311,"f","south",NA,NA,NA,NA,NA,NA,0.01
"267",1,1313,"f","south",NA,NA,NA,NA,NA,NA,NA
"268",1,1316,"f","south",NA,NA,NA,NA,NA,NA,0.01
"269",1,1317,"f","south",NA,NA,NA,NA,NA,NA,0.01
"270",1,1318,"f","south",NA,NA,NA,NA,NA,NA,NA
"271",1,1319,"f","south",NA,NA,NA,NA,NA,NA,NA
"272",1,1320,"f","south",NA,NA,NA,NA,NA,NA,NA
"273",1,1321,"f","south",NA,NA,NA,NA,NA,NA,NA
"274",1,1322,"f","south",NA,NA,NA,NA,NA,NA,NA
"275",1,1323,"f","south",NA,NA,NA,NA,NA,NA,0.01
"276",1,1324,"f","south",NA,NA,NA,NA,NA,NA,NA
"277",1,1325,"f","south",NA,NA,NA,NA,NA,NA,0.01
"278",1,1326,"f","south",NA,NA,NA,NA,NA,NA,NA
"279",1,1327,"f","south",NA,NA,NA,NA,NA,NA,0.01
"280",1,1328,"f","south",NA,NA,NA,NA,NA,NA,0.02
"281",1,1329,"f","south",NA,NA,NA,NA,NA,NA,0.02
"282",1,1330,"f","south",NA,NA,NA,NA,NA,NA,0.02
"283",1,1331,"f","south",NA,NA,NA,NA,NA,NA,0.03
"284",1,1332,"f","south",NA,NA,NA,NA,NA,NA,0.02
"285",1,1333,"f","south",NA,NA,NA,NA,NA,NA,0.02
"286",1,1334,"f","south",NA,NA,NA,NA,NA,NA,0.02
"287",1,1335,"f","south",NA,NA,NA,NA,NA,NA,0.01
"288",1,1336,"f","south",NA,NA,NA,NA,NA,NA,0.01
"289",1,1337,"f","south",NA,NA,NA,NA,NA,NA,0.02
"290",1,1338,"f","south",NA,NA,NA,NA,NA,NA,0.01
"291",1,1339,"f","south",NA,NA,NA,NA,NA,NA,0.01
"292",1,1340,"f","south",NA,NA,NA,NA,NA,NA,0.01
"293",1,1341,"f","south",NA,NA,NA,NA,NA,NA,0.02
"294",1,1346,"f","south",NA,NA,NA,NA,NA,NA,NA
"295",1,1347,"f","south",NA,NA,NA,NA,NA,NA,0.01
"296",1,1348,"f","south",NA,NA,NA,NA,NA,NA,NA
"297",1,1349,"f","south",NA,NA,NA,NA,NA,NA,0.01
"298",1,1350,"f","south",NA,NA,NA,NA,NA,NA,NA
"299",1,1351,"f","south",NA,NA,NA,NA,NA,NA,NA
"300",1,1352,"f","south",NA,NA,NA,NA,NA,NA,0.01
"301",1,1353,"f","south",NA,NA,NA,NA,NA,NA,NA
"302",1,1354,"f","south",NA,NA,NA,NA,NA,NA,0.01
"303",1,1355,"f","south",NA,NA,NA,NA,NA,NA,0.02
"304",1,1356,"f","south",NA,NA,NA,NA,NA,NA,0.01
"305",1,1357,"f","south",NA,NA,NA,NA,NA,NA,0.01
"306",1,1358,"f","south",NA,NA,NA,NA,NA,NA,0.02
"307",1,1359,"f","south",NA,NA,NA,NA,NA,NA,0.02
"308",1,1360,"f","south",NA,NA,NA,NA,NA,NA,0.02
"309",1,1361,"f","south",NA,NA,NA,NA,NA,NA,0.01
"310",1,1362,"f","south",NA,NA,NA,NA,NA,NA,0.01
"311",1,1363,"f","south",NA,NA,NA,NA,NA,NA,0.02
"312",1,1365,"f","south",NA,NA,NA,NA,NA,NA,NA
"313",1,1368,"f","south",NA,NA,NA,NA,NA,NA,0.01
"314",1,1369,"f","south",NA,NA,NA,NA,NA,NA,0.02
"315",1,1370,"f","south",NA,NA,NA,NA,NA,NA,0.02
"316",1,1371,"f","south",NA,NA,NA,NA,NA,NA,0.02
"317",1,1372,"f","south",NA,NA,NA,NA,NA,NA,0.01
"318",1,1373,"f","south",NA,NA,NA,NA,NA,NA,0.01
"319",1,1374,"f","south",NA,NA,NA,NA,NA,NA,0.01
"320",1,1375,"f","south",NA,NA,NA,NA,NA,NA,0.01
"321",1,1376,"f","south",NA,NA,NA,NA,NA,NA,0.01
"322",1,1377,"f","south",NA,NA,NA,NA,NA,NA,NA
"323",1,1378,"f","south",NA,NA,NA,NA,NA,NA,NA
"324",1,1379,"f","south",NA,NA,NA,NA,NA,NA,0.02
"325",1,1380,"f","south",NA,NA,NA,NA,NA,NA,0.01
"326",1,1381,"f","south",NA,NA,NA,NA,NA,NA,NA
"327",1,1382,"f","south",NA,NA,NA,NA,NA,NA,NA
"328",1,1383,"f","south",NA,NA,NA,NA,NA,NA,NA
"329",1,1384,"f","south",NA,NA,NA,NA,NA,NA,NA
"330",1,1385,"f","south",NA,NA,NA,NA,NA,NA,0.03
"331",1,1386,"f","south",NA,NA,NA,NA,NA,NA,0.01
"332",1,1387,"f","south",NA,NA,NA,NA,NA,NA,0.01
"333",1,1388,"f","south",NA,NA,NA,NA,NA,NA,0.02
"334",1,1389,"f","south",NA,NA,NA,NA,NA,NA,0.01
"335",1,1390,"f","south",NA,NA,NA,NA,NA,NA,0.01
"336",1,1391,"f","south",NA,NA,NA,NA,NA,NA,0.01
"337",1,1392,"f","south",NA,NA,NA,NA,NA,NA,0.01
"338",1,1393,"f","south",NA,NA,NA,NA,NA,NA,0.01
"339",1,1394,"f","south",NA,NA,NA,NA,NA,NA,0.01
"340",1,1398,"f","south",NA,NA,NA,NA,NA,NA,0.01
"341",1,1399,"f","south",NA,NA,NA,NA,NA,NA,0.02
"342",1,1400,"f","south",NA,NA,NA,NA,NA,NA,0.02
"343",1,1401,"f","south",NA,NA,NA,NA,NA,NA,0.02
"344",1,1402,"f","south",NA,NA,NA,NA,NA,NA,0.02
"345",1,1403,"f","south",NA,NA,NA,NA,NA,NA,0.03
"346",1,1404,"f","south",NA,NA,NA,NA,NA,NA,0.03
"347",1,1405,"f","south",NA,NA,NA,NA,NA,NA,0.03
"348",1,1406,"f","south",NA,NA,NA,NA,NA,NA,0.03
"349",1,1407,"f","south",NA,NA,NA,NA,NA,NA,0.02
"350",1,1408,"f","south",NA,NA,NA,NA,NA,NA,0.01
"351",2,1409,"f","north","dry",257,0.8,26.9,11,2.9,0.95
"352",2,1411,"f","south","dry",297,6.4,39,21.7,8.5,0.07
"353",2,1412,"f","south","dry",297,1.2,20.3,14.8,4.6,0.05
"354",2,1413,"f","south","dry",247,0.9,18.4,13.2,3.6,0.02
"355",2,1415,"f","south","dry",277,0.4,18.4,8.3,3.2,0.17
"356",2,1416,"f","south","dry",247,0.5,21.6,7.9,3.7,0.12
"357",2,1417,"f","south","dry",337,0.4,15.8,8.6,2.7,0.11
"358",2,1418,"f","south","dry",257,1.3,30.5,14.1,3.6,0.06
"359",2,1419,"f","south","dry",337,0.4,16.1,10.4,3,0.05
"360",2,1420,"f","north","dry",207,2.3,32.5,16.8,5.7,0.14
"361",2,1421,"f","north","dry",187,0.5,11.7,9.2,4.5,0.82
"362",2,1423,"f","south","dry",287,0.5,17.5,10.5,3.1,NA
"363",2,1424,"f","south","dry",267,0.6,20.4,14,2.8,0.04
"364",2,1425,"f","south","dry",257,8.2,36.6,21.9,15.7,0.11
"365",2,1426,"f","south","dry",327,1.5,27.9,19.7,3.2,0.21
"366",2,1427,"f","south","dry",277,0.8,30.3,8.8,2.9,0.37
"367",2,1429,"f","south","dry",267,3.3,30.5,16.8,6.5,0.2
"368",2,1430,"f","south","dry",287,0.8,29,9.4,2.3,0.21
"369",2,1431,"f","south","dry",287,0.5,21.8,7.6,3.3,0.16
"370",2,1432,"f","north","dry",317,0.7,21.4,9,2.8,0.89
"371",2,1433,"f","south","dry",297,0.7,28.5,10,2.9,0.17
"372",2,1434,"f","south","dry",337,2.3,24.9,16.1,7.1,0.15
"373",2,1436,"f","south","dry",267,1,23,11.7,5,0.04
"374",2,1437,"f","south","dry",357,0.9,20.4,12.5,4.6,0.05
"375",2,1438,"f","south","dry",187,1.4,26.6,13.1,4.8,0.07
"376",2,1439,"f","south","dry",277,2.4,32.4,14.1,5.9,0.07
"377",2,1440,"f","south","dry",277,1.4,24.9,13.7,3.5,0.05
"378",2,1441,"f","south","dry",237,1.3,22.8,12,6.3,0.02
"379",2,1442,"f","south","dry",277,0.2,15,7.1,2.9,1.28
"380",2,1443,"f","north","dry",297,0.6,17.4,9.8,3.1,0.78
"381",2,1444,"f","south","dry",247,0.5,16.7,12,3.3,1.39
"382",2,1447,"f","south","dry",237,0.4,20.6,9.6,3.5,0.11
"383",2,1448,"f","south","dry",247,0.9,23.6,12.1,5.5,0.1
"384",2,1449,"f","south","dry",227,0.9,16.4,12.3,5.8,0.03
"385",2,1450,"f","south","dry",247,0.5,18.8,10.3,2.6,0.01
"386",2,1451,"f","south","dry",247,0.4,17.4,6.8,2.9,0.02
"387",2,1452,"f","south","dry",257,1.4,23.7,11.4,4.5,0.05
"388",2,1454,"f","north","dry",287,0.4,19.1,6.7,2.3,0.5
"389",2,1457,"f","south","dry",207,0.4,16,7.7,4.1,0.05
"390",2,1458,"f","south","dry",217,0.5,17.9,13.4,3.5,0.04
"391",2,1459,"f","south","dry",357,0.7,16.3,10.1,5.4,0.07
"392",2,1460,"f","south","dry",257,3.8,27.6,20,7.4,0.01
"393",2,1461,"f","south","dry",217,0.8,24.9,9.8,2.7,0.02
"394",2,1462,"f","south","dry",267,1,20.1,10.2,3.2,0.02
"395",2,1463,"f","south","dry",297,1.1,23.8,11,4.7,0.04
"396",2,1464,"f","south","dry",217,0.7,24.9,7.8,3.4,NA
"397",2,1465,"f","north","dry",NA,0.9,25.8,11.8,3.2,0.44
"398",2,1466,"f","south","dry",187,NA,21.9,3.9,1.9,0.17
"399",2,1470,"f","south","dry",347,0.4,20.2,14.3,2.7,0.07
"400",2,1471,"f","south","dry",317,4.9,48.7,12.8,8.7,0.07
"401",2,1472,"f","south","dry",227,0.1,14.5,7.7,2.2,0.12
"402",2,1473,"f","south","dry",277,0.4,18.4,7.8,3.1,0.1
"403",2,1474,"f","south","dry",217,0.2,15.1,7.1,3.1,0.1
"404",2,1475,"f","south","dry",257,NA,15.8,3.9,1.6,0.12
"405",2,1476,"f","north","dry",NA,0.3,14.3,8.9,1.6,1.33
"406",2,1477,"f","south","dry",187,0.5,17.3,7.2,4.2,0.25
"407",2,1478,"f","south","dry",217,0.5,19.8,7.9,2.2,0.29
"408",2,1479,"f","south","dry",307,0.1,10.7,5.8,2,0.37
"409",2,1480,"f","south","dry",297,0.4,14,10,3.1,0.54
"410",2,1481,"f","south","dry",347,0.2,18.4,7.4,1.7,0.57
"411",2,1482,"f","south","dry",347,0.5,17.6,12.4,3.1,1.4
"412",2,1483,"f","south","dry",357,0.7,30.5,9,2,2.15
"413",2,1484,"f","south","dry",277,0.7,28.4,9.9,2.4,1.56
"414",2,1485,"f","south","dry",207,0.9,23.4,13.2,3.1,1.29
"415",2,1487,"f","north","dry",247,0.3,19.2,9,2.1,1.15
"416",2,1488,"f","south","dry",247,0.4,14.1,8.9,4.9,0.47
"417",2,1489,"f","south","dry",297,0.7,23.5,8.7,3.5,0.23
"418",2,1490,"f","south","dry",287,0.4,12.1,7.6,3,0.14
"419",2,1491,"f","south","dry",277,2.7,35.4,18.5,5.2,0.13
"420",2,1495,"f","south","dry",317,1.1,18.1,8.8,6.6,0.46
"421",2,1496,"f","south","dry",317,0.8,26.2,9.2,3.5,0.29
"422",2,1497,"f","south","dry",NA,0.5,13.1,11.5,3.8,0.17
"423",2,1498,"f","north","dry",277,0.3,19.3,11.4,1.4,1
"424",2,1499,"f","south","dry",NA,NA,9,8.7,1.3,0.1
"425",2,1500,"f","south","dry",267,0.4,15,8.8,3.2,0.07
"426",2,1501,"f","south","dry",297,0.6,21.3,13.9,2.8,0.08
"427",2,1502,"f","south","dry",217,1.1,23.4,12.9,4.8,0.12
"428",2,1503,"f","south","dry",347,0.4,22.5,7.6,2.8,0.07
"429",2,1505,"f","south","dry",287,0.4,19.9,9.1,2.5,0.48
"430",2,1507,"f","south","dry",NA,0.4,15.4,15.3,2.9,0.45
"431",2,1508,"f","south","dry",NA,0.3,13.6,13.5,2.2,0.38
"432",2,1509,"f","north","dry",197,0.3,18.2,6.5,2.9,1.02
"433",2,1510,"f","south","dry",187,0.4,26.1,7.5,2.5,0.22
"434",2,1511,"f","south","dry",327,0.3,19.6,7.4,3,0.17
"435",2,1512,"f","south","dry",287,0.3,26.9,5.6,1.9,0.18
"436",2,1513,"f","south","dry",197,0.8,22.4,12,4.1,0.04
"437",2,1514,"f","south","dry",NA,0.2,9,8.9,2.5,0.02
"438",2,1515,"f","south","dry",327,0.4,21.4,9.9,3.5,0.04
"439",2,1516,"f","south","dry",NA,0.4,14.4,11.9,2.5,0.03
"440",2,1518,"f","south","dry",327,1.2,26.7,9.9,4.6,0.05
"441",2,1519,"f","south","dry",237,0.4,15.7,9.5,2.6,0.01
"442",2,1520,"f","north","dry",337,1.5,39.4,10,4.6,0.95
"443",2,1521,"f","north","dry",357,0.4,19.3,10.4,2.2,1.05
"444",2,1522,"f","south","dry",347,4.5,37,14.9,9.4,0.05
"445",2,1523,"f","south","dry",357,0.8,19,11.6,4.6,0.03
"446",2,1524,"f","south","dry",297,2.7,38.4,13.9,7.6,0.06
"447",2,1525,"f","south","dry",277,0.3,18.6,7.4,2,0.04
"448",2,1526,"f","south","dry",317,0.9,18.4,9.5,5.7,0.03
"449",2,1527,"f","south","dry",277,0.9,24.9,11.3,3.4,0.03
"450",2,1529,"f","south","dry",237,6.2,43.7,13.9,12,0.17
"451",2,1530,"f","south","dry",197,2.6,40.7,17.2,4.3,0.08
"452",2,1531,"f","south","dry",307,0.3,18.8,7.9,2.1,0.13
"453",2,1532,"f","north","dry",257,1.5,27.5,20.3,4.8,0.81
"454",2,1533,"f","south","dry",357,0.2,18.4,8.5,2.1,0.4
"455",2,1534,"f","south","dry",NA,0.2,11.5,7.8,1.4,0.36
"456",2,1536,"f","south","dry",257,0.4,21.3,13.3,2.2,0.4
"457",2,1537,"f","south","dry",237,0.4,15.7,12.1,2.8,0.39
"458",2,1538,"f","south","dry",237,0.5,17.1,8.3,1.9,0.39
"459",2,1539,"f","south","dry",277,0.7,15.5,10.1,3.9,0.31
"460",2,1540,"f","south","dry",257,0.5,18.8,8,2.1,0.14
"461",2,1541,"f","south","dry",237,1.4,25.5,16.9,4.6,0.14
"462",2,1542,"f","south","dry",327,0.5,22.2,9.1,2.5,0.11
"463",2,1543,"f","north","dry",327,0.3,17.5,10,2.3,0.97
"464",2,1544,"f","south","dry",357,2,43.3,8.2,5.2,0.05
"465",2,1545,"f","south","dry",347,0.8,21.9,9.7,4.7,0.04
"466",2,1546,"f","south","dry",337,2.3,26.4,16.2,5.3,0.06
"467",2,1547,"f","south","dry",287,2.2,26.5,17.2,5.1,0.03
"468",2,1548,"f","north","dry",347,1.5,34.8,12.2,4.5,0.08
"469",2,1549,"f","north","dry",347,0.5,14.9,12.5,3.3,0.11
"470",2,1550,"f","north","dry",337,0.4,26.3,7.8,2.4,0.22
"471",2,1551,"f","north","dry",187,0.8,20.8,15.2,3.8,0.24
"472",2,1552,"f","north","dry",277,0.8,23.9,11.4,2.9,0.27
"473",2,1553,"f","south","dry",357,0.4,21.9,6.4,2.4,0.16
"474",2,1554,"f","north","dry",NA,0.6,14.6,11.8,3.9,0.61
"475",2,1555,"f","south","dry",287,0.9,20.2,9.9,5.2,0.12
"476",2,1557,"f","south","dry",347,0.6,25.3,9.5,2.6,0.15
"477",2,1558,"f","south","dry",257,1.2,24.1,17.9,4,0.18
"478",2,1559,"f","south","dry",327,0.3,14.3,5.4,2.3,0.15
"479",2,1560,"f","south","dry",277,0.7,31.2,10.5,2.8,0.1
"480",2,1561,"f","south","dry",347,0.3,21.5,13.4,2.2,0.37
"481",2,1562,"f","south","dry",337,0.4,15.6,12.1,2.5,0.39
"482",2,1563,"f","south","dry",257,0.4,15.1,10,4.1,0.3
"483",2,1564,"f","south","dry",207,0.3,19.2,9.2,3.3,0.17
"484",2,1565,"f","north","dry",NA,0.7,25.9,9.3,2.5,0.45
"485",2,1566,"f","south","dry",237,0.3,18.7,7.7,2.6,0.17
"486",2,1567,"f","south","dry",267,0.8,29.9,11.6,3.3,0.1
"487",2,1568,"f","south","dry",NA,1.8,28.2,24.4,5.4,0.07
"488",2,1569,"f","south","dry",297,4,40.9,14.6,8.3,0.09
"489",2,1570,"f","south","dry",287,0.8,25.8,9.7,4.1,0.07
"490",2,1572,"f","south","dry",207,0.9,31.3,12.6,3,0.04
"491",2,1573,"f","south","dry",197,0.4,17.6,9.8,3.8,0.12
"492",2,1574,"f","south","dry",247,3.2,27.5,19.6,8.3,0.1
"493",2,1575,"f","south","dry",297,0.3,24,7.4,2.3,0.11
"494",2,1577,"f","south","dry",307,1.4,22.2,13.4,5.9,0.1
"495",2,1578,"f","south","dry",277,6.4,35.4,24.1,9.5,0.08
"496",2,1579,"f","south","dry",227,0.3,16.2,6.9,2.4,0.09
"497",2,1580,"f","south","dry",347,1.5,25.3,17.4,4.3,0.08
"498",2,1581,"f","south","dry",237,0.6,24.5,12.4,3.3,0.02
"499",2,1582,"f","south","dry",297,2.2,34,12.7,5,0.06
"500",2,1583,"f","south","dry",267,1.2,33.2,12.3,4.4,0.07
"501",2,1586,"f","south","dry",357,0.6,22.1,11,2.8,0.07
"502",2,1588,"f","south","dry",307,7.5,31.2,20.5,13,0.05
"503",2,1589,"f","south","dry",317,1.4,33.1,13.6,5,0.04
"504",2,1590,"f","south","dry",317,1.8,30.6,15.6,5.6,0.04
"505",2,1591,"f","south","dry",257,0.5,19.1,7.9,3.1,0.01
"506",2,1592,"f","south","dry",297,0.5,22.1,8.1,3.5,0.01
"507",2,1593,"f","south","dry",247,0.8,25.5,8.2,3.6,0.01
"508",2,1594,"f","south","dry",207,0.8,27.1,8.1,5,0.37
"509",2,1595,"f","south","dry",277,0.8,23.9,12.5,3.6,1.72
"510",2,1596,"f","south","dry",207,NA,11.6,7.2,1.5,1.73
"511",2,1597,"f","south","dry",337,0.9,29.1,12.7,2.9,1.1
"512",2,1598,"f","north","dry",NA,NA,8.7,5.4,1.8,0.27
"513",2,1599,"f","south","dry",327,1.2,27.7,10.4,5.7,1.06
"514",2,1600,"f","south","dry",197,1.1,27.7,16.8,5,0.4
"515",2,1601,"f","south","dry",257,0.4,20.9,9.1,3.3,0.33
"516",2,1602,"f","south","dry",227,1.4,22.7,18.9,4.4,0.44
"517",2,1603,"f","south","dry",337,2.3,28.2,15.5,5.7,0.46
"518",2,1604,"f","south","dry",227,0.6,19.6,9,2.4,0.45
"519",2,1605,"f","south","dry",287,1.5,36.2,15.5,3.7,0.67
"520",2,1606,"f","south","dry",227,2,26.2,20.3,18.3,0.58
"521",2,1607,"f","south","dry",317,1,25.3,13.2,3.8,0.55
"522",2,1609,"f","north","dry",NA,1.5,38.1,13.1,4.2,0.43
"523",2,1611,"f","south","dry",NA,0.8,19.3,14.3,3.8,0.26
"524",2,1613,"f","south","dry",297,1.5,34.4,13.9,3.4,0.04
"525",2,1614,"f","south","dry",297,0.9,23.5,12.7,3.4,0.05
"526",2,1617,"f","south","dry",217,0.9,21.5,15.3,3.1,0.1
"527",2,1618,"f","south","dry",197,2.4,31.8,17.4,7.3,0.06
"528",2,1619,"f","south","dry",NA,NA,11.5,7.3,1.8,0.05
"529",2,1620,"f","north","dry",NA,0.4,18.4,9.4,2.3,0.57
"530",2,1621,"f","south","dry",327,0.9,22.5,7,7,0.12
"531",2,1622,"f","south","dry",267,0.5,20.6,11.7,2.4,0.18
"532",2,1623,"f","south","dry",287,0.8,28.7,10.2,2.9,0.22
"533",2,1624,"f","south","dry",277,0.2,15.4,6.2,2.8,0.17
"534",2,1625,"f","south","dry",277,0.7,15.5,12.3,3.5,0.17
"535",2,1626,"f","south","dry",347,0.8,33.4,9.3,3,0.16
"536",2,1627,"f","south","dry",NA,0.8,23.2,16.7,3.7,0.08
"537",2,1628,"f","south","dry",227,0.5,19,8.5,4.5,0.07
"538",2,1629,"f","south","dry",237,1.6,30.3,12.9,4.1,0.08
"539",2,1630,"f","south","dry",337,8.6,41.8,17.7,14,0.09
"540",2,1631,"f","north","dry",217,3.4,27.6,22.3,6.3,0.71
"541",2,1632,"f","north","dry",NA,1,34.4,10.9,2.9,0.45
"542",2,1633,"f","south","dry",257,0.4,16.7,9.3,3.2,0.12
"543",2,1634,"f","south","dry",247,2.3,30,13,8,0.13
"544",2,1635,"f","south","dry",287,0.6,21.3,14,3,0.15
"545",2,1639,"f","south","dry",257,0.7,23.7,14.3,2.9,0.15
"546",2,1641,"f","south","dry",267,0.4,18.7,13.1,2.8,1.19
"547",2,1642,"f","south","dry",197,0.6,18.5,11.6,2.7,1.49
"548",2,1643,"f","north","dry",NA,0.4,17.3,9.3,2.6,0.67
"549",2,1644,"f","south","dry",227,0.4,17.1,9.3,2,1.14
"550",2,1645,"f","south","dry",207,0.9,33.5,12.3,2.4,1.55
"551",2,1646,"f","south","dry",NA,0.2,14.6,9.6,1.7,1.62
"552",2,1647,"f","south","dry",287,0.1,19.7,6.3,1.8,1.55
"553",2,1648,"f","south","dry",287,0.6,17.2,10.6,2.6,1.51
"554",2,1649,"f","south","dry",277,0.3,20.7,8.9,2.4,1.49
"555",2,1650,"f","south","dry",NA,0.1,10,6.8,1.8,1.73
"556",2,1651,"f","south","dry",NA,0.2,11.5,7.7,1.7,1.7
"557",2,1652,"f","south","dry",307,0.6,23.3,12.6,2.7,1.72
"558",2,1653,"f","south","dry",247,0.6,28.3,9.3,2.8,3.47
"559",2,1654,"f","north","dry",NA,0.2,18,8.3,2.5,0.67
"560",2,1655,"f","north","dry",297,0.3,19.8,12.9,2.6,2.09
"561",2,1656,"f","north","dry",257,0.7,25,17.6,2.2,0.97
"562",2,1657,"f","north","dry",257,1.4,29.7,11,5.1,0.29
"563",2,1658,"f","north","dry",257,1.3,26.6,10.6,4.3,0.46
"564",2,1659,"f","north","dry",267,2.6,29.2,14.9,7.3,0.58
"565",2,1660,"f","north","dry",327,0.7,22.9,13.1,3.2,0.65
"566",2,1662,"f","north","dry",237,2,41.7,10.6,6,0.95
"567",2,1664,"f","north","dry",237,1.7,23.3,16.2,3.1,0.34
"568",2,1665,"f","north","dry",NA,0.7,25.6,10.9,2.8,0.77
"569",2,1666,"f","north","dry",197,1.2,29.3,12.3,5.3,0.45
"570",2,1667,"f","north","dry",257,1,21.6,11,3.7,0.55
"571",2,1668,"f","north","dry",297,0.8,30.2,9.3,3.2,0.7
"572",2,1669,"f","north","dry",267,0.8,25.6,11.6,2.3,0.71
"573",2,1670,"f","north","dry",257,0.5,18.7,9.4,1.8,0.65
"574",2,1671,"f","north","dry",337,1.7,24.7,14.8,6.2,0.53
"575",2,1672,"f","north","dry",267,1.6,20.6,13.4,6.5,0.5
"576",2,1673,"f","north","dry",307,0.8,25.2,8.4,5.8,0.33
"577",2,1674,"f","north","dry",217,0.4,20.1,9.1,2,0.36
"578",2,1675,"f","north","dry",207,2.6,35.2,13.6,5.4,0.33
"579",2,1676,"f","north","dry",NA,0.9,18.3,15,4.3,0.61
"580",2,1677,"f","north","dry",227,0.4,21.5,11.9,2.6,0.74
"581",2,1678,"f","north","dry",357,0.6,28,10.4,2,1.04
"582",2,1679,"f","north","dry",337,0.3,17.4,8.2,3.1,0.99
"583",2,1680,"f","north","dry",NA,0.3,13.7,8.1,2.3,0.93
"584",2,1681,"f","north","dry",257,0.3,15.3,9.5,2.1,0.91
"585",2,1682,"f","north","dry",187,0.2,21.4,11.7,2.5,0.7
"586",2,1683,"f","north","dry",337,NA,16.4,7.6,1.7,0.68
"587",2,1684,"f","north","dry",NA,0.2,7.5,7.1,2.4,0.61
"588",2,1685,"f","north","dry",257,2,41.5,14,4.2,0.27
"589",2,1686,"f","north","dry",207,0.8,23.1,7.4,6.3,0.29
"590",2,1687,"f","north","dry",NA,0.3,16.1,7.8,2.5,0.59
"591",2,1688,"f","north","dry",227,0.6,25.5,10.9,3.9,0.31
"592",2,1689,"f","north","dry",267,0.5,18.6,9.4,2.9,0.4
"593",2,1690,"f","north","dry",NA,2.4,22.3,21.8,6.3,0.35
"594",2,1692,"f","north","dry",NA,0.9,17.5,14.8,4.5,0.31
"595",2,1693,"f","north","dry",217,0.4,23.8,7.4,2.9,0.48
"596",2,1694,"f","north","dry",277,0.4,17.2,6.5,2.6,0.35
"597",2,1695,"f","north","dry",247,0.2,15.5,9.1,2.8,0.71
"598",2,1696,"f","north","dry",237,0.4,16.5,9.6,2.4,0.76
"599",2,1697,"f","north","dry",217,0.4,20.2,5.9,3.4,0.6
"600",2,1698,"f","north","dry",NA,0.2,15.9,8.6,1.9,0.49
"601",2,1699,"f","north","dry",307,0.7,29.4,9.1,3.1,1.45
"602",2,1700,"f","north","dry",257,0.5,19.6,11.6,2.6,1.45
"603",2,1701,"f","north","dry",237,0.6,19.9,11.5,4.4,1.5
"604",2,1702,"f","north","dry",297,0.4,19.6,13.1,2.9,1.77
"605",2,1703,"f","north","dry",307,0.5,20.4,8.9,2,1.82
"606",2,1704,"f","north","dry",317,1.1,24.7,14.7,3.2,1.67
"607",2,1705,"f","north","dry",NA,0.4,15.7,10.3,2.5,0.99
"608",2,1706,"f","north","dry",187,0.6,19.5,13.1,3,1.36
"609",2,1707,"f","north","dry",237,0.3,18.9,11.5,2.4,1.57
"610",2,1708,"f","north","dry",217,0.6,20.7,10.5,3.3,1.64
"611",2,1709,"f","north","dry",NA,0.3,16.5,7.1,2.4,0.88
"612",2,1710,"f","north","dry",257,0.7,14,12.3,4.3,2.23
"613",2,1711,"f","north","dry",247,0.4,26.2,11.9,2.2,2.37
"614",2,1712,"f","north","dry",317,0.5,24.2,9.6,1.7,1.81
"615",2,1713,"f","north","dry",327,0.4,21.7,12.5,2.4,1.62
"616",2,1714,"f","north","dry",237,0.9,25.7,9,3.4,1.43
"617",2,1715,"f","north","dry",NA,0.2,11.4,9.1,4.1,1.28
"618",2,1716,"f","north","dry",NA,0.5,18.8,12,2.9,1.33
"619",2,1717,"f","north","dry",217,0.7,24.5,14.3,3.1,1.19
"620",2,1718,"f","north","dry",347,0.9,18.4,12.7,3.6,1.05
"621",2,1719,"f","north","dry",NA,0.3,17.1,12,3.2,0.94
"622",2,1720,"f","north","dry",NA,0.8,19.8,17.4,3.8,2.78
"623",2,1721,"f","north","dry",297,0.3,18.8,11.6,2.3,1.4
"624",2,1722,"f","north","dry",NA,0.5,17,8.8,5.1,0.94
"625",2,1723,"f","north","dry",227,0.1,20.3,5.9,2,0.78
"626",2,1724,"f","north","dry",297,0.5,20.4,9.9,3.4,0.78
"627",2,1725,"f","north","dry",227,0.8,20.4,12.5,3.8,0.79
"628",2,1726,"f","north","dry",317,0.3,21.2,5.4,2.4,0.61
"629",2,1727,"f","north","dry",247,0.2,17.9,7.7,1.8,0.5
"630",2,1728,"f","north","dry",327,0.7,19.2,11.4,3,0.25
"631",2,1730,"f","north","dry",227,3,39.1,19.2,5.6,0.53
"632",2,1732,"f","north","dry",347,0.4,14,8.2,3.8,0.53
"633",2,1733,"f","north","dry",287,0.6,17.2,12.7,3.3,0.57
"634",2,1734,"f","north","dry",NA,0.6,17.2,11.5,3,0.59
"635",2,1735,"f","north","dry",197,1.2,28.1,15.7,3.2,0.6
"636",2,1736,"f","north","dry",NA,0.6,20.3,9.2,2.8,2.3
"637",2,1737,"f","north","dry",197,0.4,16.4,8.3,2.3,0.84
"638",2,1738,"f","north","dry",237,0.6,25.6,10.7,2.7,0.77
"639",2,1739,"f","north","dry",217,0.4,16.2,8.8,2.1,0.5
"640",2,1740,"f","north","dry",NA,NA,9.1,4,1.6,1.73
"641",2,1741,"f","north","dry",NA,0.7,19.3,17.5,2.3,2.8
"642",2,1742,"f","north","dry",277,0.5,23.6,6.4,2.8,0.71
"643",2,1743,"f","north","dry",NA,0.5,20.4,9.2,2.7,2.29
"644",2,1745,"f","north","dry",307,0.3,19.2,10.5,1.8,3.48
"645",2,1747,"f","north","dry",357,0.6,21.8,13.9,2.9,1.98
"646",2,1749,"f","north","dry",297,2.2,33,12,6.3,0.33
"647",2,1750,"f","south","dry",357,0.4,16,7.2,3.7,0.28
"648",2,1752,"f","south","dry",247,1.2,22,10.9,7.8,0.01
"649",2,1753,"f","north","dry",317,0.8,20.1,9.9,4,0.18
"650",2,1754,"f","north","dry",197,1.3,24.4,17.9,3.9,0.24
"651",2,1755,"f","south","dry",237,9.8,47.3,17.5,13.2,0.05
"652",2,1756,"f","north","dry",NA,0.4,23,7.3,2.5,1.32
"653",2,1757,"f","south","dry",337,1.9,34.3,14.3,3.9,0.1
"654",2,1758,"f","south","dry",327,1.9,28.8,13.4,4.9,0.11
"655",2,1759,"f","south","dry",217,1.3,33.6,9.5,4.6,0.1
"656",2,1760,"f","south","dry",247,6.4,39.1,24,8.8,0.09
"657",2,1761,"f","south","dry",357,0.8,24.2,11.5,4.4,0.06
"658",2,1762,"f","south","dry",227,0.7,30.6,9.7,3.5,0.02
"659",2,1763,"f","south","dry",347,0.8,20.8,13.8,3.2,0.02
"660",2,1764,"f","south","dry",207,3.9,39.3,18.5,6.3,0.07
"661",2,1765,"f","south","dry",207,1.5,24,14.5,4.5,0.07
"662",2,1766,"f","south","dry",267,0.8,19.4,11.2,3.6,0.09
"663",2,1767,"f","north","dry",327,1.4,31.9,11.4,3.7,1.21
"664",2,1768,"f","south","dry",187,0.4,20,13.4,3.1,0.07
"665",2,1771,"f","south","dry",357,0.5,16.5,10.4,4.5,0.04
"666",2,1772,"f","south","dry",257,0.4,26.1,8.3,2.2,0.06
"667",2,1773,"f","south","dry",267,1.7,26.3,18.6,5.3,0.07
"668",2,1774,"f","south","dry",237,1.2,26.5,13.7,3.8,0.18
"669",2,1775,"f","south","dry",337,0.7,24,11.4,2.7,0.04
"670",2,1776,"f","south","dry",197,0.4,28,6.7,1.9,0.04
"671",2,1777,"f","south","dry",NA,1.4,24.1,15.2,4.1,0.08
"672",2,1778,"f","north","dry",NA,0.4,15.1,10.5,2.5,1.08
"673",2,1779,"f","south","dry",237,5.7,35,26.1,7.8,0.09
"674",2,1780,"f","south","dry",NA,2.4,23.1,18.8,7.3,0.07
"675",2,1781,"f","north","dry",327,0.5,16,9.5,4,0.18
"676",2,1783,"f","south","dry",337,0.2,15.6,6.5,2,0.55
"677",2,1784,"f","south","dry",NA,0.8,19.6,18.6,4.4,1.28
"678",2,1785,"f","south","dry",267,0.5,17.8,10.1,3.7,1.02
"679",2,1786,"f","south","dry",197,1.1,19.6,16.6,5.4,0.3
"680",2,1787,"f","south","dry",197,2.2,26.5,19.1,5.3,0.15
"681",2,1788,"f","south","dry",237,0.7,25.7,10.1,2.6,0.13
"682",2,1789,"f","north","dry",327,1.4,25.5,13.3,4.7,1.13
"683",2,1790,"f","south","dry",NA,0.9,19.5,17,3.4,0.11
"684",2,1791,"f","south","dry",287,7,51.8,17.1,10.3,0.09
"685",2,1792,"f","south","dry",267,5,35.4,23.4,7,0.16
"686",2,1793,"f","south","dry",197,2.1,31.5,15.6,6.3,0.1
"687",2,1794,"f","south","dry",277,0.8,28.9,13.4,2.6,0.09
"688",2,1796,"f","south","dry",267,0.8,14.4,10.9,7.6,0.2
"689",2,1797,"f","south","dry",197,0.8,26.3,11.8,3.7,0.19
"690",2,1798,"f","south","dry",277,1.5,20.3,13.2,5,0.28
"691",2,1799,"f","south","dry",297,1.2,33,7.7,4.6,0.23
"692",2,1800,"f","north","dry",NA,0.2,18.7,9,2,1.13
"693",2,1801,"f","south","dry",297,3.8,34.2,17,10.1,0.16
"694",2,1802,"f","south","dry",267,0.6,21.3,14.4,3.2,0.06
"695",2,1803,"f","north","dry",NA,0.3,15.4,11.1,4.5,0.11
"696",2,1804,"f","north","dry",237,2.7,32.6,18.7,7,0.14
"697",2,1805,"f","south","dry",237,0.4,18.1,6.2,3.5,0.6
"698",2,1807,"f","south","dry",257,0.6,25.7,6.9,3.5,0.19
"699",2,1808,"f","south","dry",287,0.8,22.6,9,4.8,0.16
"700",2,1809,"f","south","dry",257,1.2,22.3,12.4,6.2,0.12
"701",3,1811,"f","north","wet",327,0.4,18.9,11,1.6,3.85
"702",3,1812,"f","north","wet",337,0.5,18.6,11.9,2,1.38
"703",3,1813,"f","north","wet",197,0.2,14.6,8.4,2.2,0.47
"704",3,1814,"f","north","wet",337,0.4,23.7,7.3,2.7,0.47
"705",3,1815,"f","north","wet",317,0.3,16.8,6.8,2.6,0.42
"706",3,1816,"f","north","wet",247,0.4,21.3,11.3,2.2,0.72
"707",3,1817,"f","north","wet",327,NA,13,11.4,2.3,1.2
"708",3,1818,"f","north","wet",337,0.4,41.68,11.4,6.26,0.96
"709",3,1819,"f","north","wet",247,0.9,29.96,9.88,4.03,0.84
"710",3,1820,"f","north","wet",277,0.8,26.8,11.8,3.8,0.74
"711",3,1822,"f","north","wet",267,0.3,20.42,9.27,1.72,0.97
"712",3,1823,"f","north","wet",352,0.7,24.3,14.7,3,1.14
"713",3,1824,"f","north","wet",187,0.8,22.53,12.92,3.78,0.63
"714",3,1825,"f","north","wet",287,2.5,29,14.87,6.88,0.58
"715",3,1826,"f","north","wet",322,1.4,28.71,17.01,4.3,0.53
"716",3,1827,"f","north","wet",192,0.8,20.97,10.88,3.53,0.54
"717",3,1828,"f","north","wet",187,1.2,29.2,12.37,6.09,0.42
"718",3,1829,"f","north","wet",267,1.7,29.93,16.72,3.77,0.35
"719",3,1831,"f","north","wet",257,0.8,25.44,8.9,6.02,0.34
"720",3,1832,"f","north","wet",202,2.6,34.98,13.27,5.5,0.34
"721",3,1833,"f","north","wet",327,1.7,24.28,15.39,6.48,0.52
"722",3,1834,"f","north","wet",247,0.7,18.6,11.8,3.4,1.09
"723",3,1835,"f","north","wet",187,1.6,20.68,13.16,6.5,0.5
"724",3,1836,"f","north","wet",267,0.4,18.54,9.32,2.88,0.36
"725",3,1837,"f","north","wet",NA,2.4,22.24,21.74,6.27,0.35
"726",3,1838,"f","north","wet",NA,1,18.37,17.62,4.43,0.34
"727",3,1839,"f","north","wet",NA,1.9,27.86,24.09,5.26,0.28
"728",3,1841,"f","north","wet",262,0.2,16.4,7.55,1.65,0.64
"729",3,1842,"f","north","wet",217,0.9,26.4,11.17,3.87,0.32
"730",3,1844,"f","north","wet",227,0.9,23.3,7.4,6.5,0.3
"731",3,1845,"f","north","wet",212,0.8,20.3,15,3.7,0.79
"732",3,1846,"f","north","wet",187,2,41.5,14.8,4.3,0.28
"733",3,1849,"f","north","wet",297,1.4,29.5,10.94,5.16,0.3
"734",3,1850,"f","north","wet",247,0.4,19.98,13.37,2.46,2.09
"735",3,1851,"f","south","wet",272,0.7,25.03,17.78,2.25,4.16
"736",3,1852,"f","south","wet",317,0.6,26.15,9.43,2.66,3.93
"737",3,1853,"f","south","wet",317,0.3,17.14,8.31,2.28,1.91
"738",3,1854,"f","south","wet",252,0.3,14.44,8.68,2.16,1.84
"739",3,1855,"f","south","wet",357,0.4,20.56,8.76,2.8,1.63
"740",3,1856,"f","north","wet",222,0.4,16.9,14,3,0.98
"741",3,1857,"f","south","wet",347,0.3,17.44,10.64,2.75,1.55
"742",3,1858,"f","south","wet",297,0.2,19.84,5.88,1.8,1.57
"743",3,1859,"f","south","wet",207,0.5,18.5,16.7,2.2,1.57
"744",3,1860,"f","south","wet",337,0.5,18.44,11.75,2.75,1.43
"745",3,1862,"f","south","wet",217,1,25.15,13.17,3.98,0.58
"746",3,1863,"f","south","wet",347,2,26.07,20.25,8.34,0.59
"747",3,1864,"f","south","wet",277,1.5,36.11,15.8,4.66,0.66
"748",3,1865,"f","south","wet",197,1.3,27.51,10.81,5.28,1.08
"749",3,1866,"f","south","wet",337,1,29.09,12.77,3.32,1.12
"750",3,1867,"f","north","wet",227,NA,19.6,3.4,1.6,3.91
"751",3,1868,"f","south","wet",292,0.1,18.4,7.41,1.73,2.19
"752",3,1869,"f","south","wet",247,0.7,23.91,12.76,2.72,1.86
"753",3,1870,"f","south","wet",257,0.7,30.35,9.44,3.22,2.12
"754",3,1871,"f","south","wet",237,0.6,28.43,7.98,2.37,1.65
"755",3,1872,"f","south","wet",277,0.8,23.3,14.4,3,1.3
"756",3,1874,"f","south","wet",192,0.3,19.98,9.05,2.81,0.79
"757",3,1875,"f","south","wet",NA,0.4,15.37,15.28,2.94,0.59
"758",3,1876,"f","south","wet",317,0.4,26.15,7.76,3.21,0.61
"759",3,1877,"f","south","wet",302,0.3,26.9,5.1,1.9,0.4
"760",3,1878,"f","north","wet",307,0.1,15.7,4.2,1.7,3.59
"761",3,1879,"f","south","wet",217,0.2,18.32,8.22,2.17,0.42
"762",3,1881,"f","south","wet",227,0.4,21.38,12.77,2.47,0.36
"763",3,1882,"f","south","wet",277,0.4,15.69,11.96,2.81,0.34
"764",3,1883,"f","south","wet",327,0.4,15.4,9.8,4.3,0.33
"765",3,1884,"f","south","wet",307,0.4,18.3,7.7,2.5,0.28
"766",3,1885,"f","south","wet",342,0.9,26.95,8.04,4.63,0.36
"767",3,1886,"f","south","wet",202,1.3,27.56,17.02,4.79,0.44
"768",3,1887,"f","south","wet",357,2.4,27.77,15.64,5.65,0.49
"769",3,1888,"f","south","wet",282,0.4,19.7,9,2.4,0.49
"770",3,1889,"f","north","wet",327,0.4,17.7,15.5,2.6,3.27
"771",3,1890,"f","south","wet",NA,1.3,22.65,20.08,4.35,0.45
"772",3,1891,"f","south","wet",217,0.6,20.82,10.76,3.41,0.36
"773",3,1892,"f","south","wet",NA,0.8,19,13.2,3.4,0.35
"774",3,1893,"f","south","wet",297,0.7,28.6,10.6,2.8,0.24
"775",3,1894,"f","south","wet",277,0.9,23.4,14.5,2.5,0.18
"776",3,1898,"f","south","wet",287,0.7,21.3,10.7,2.8,0.19
"777",3,1899,"f","south","wet",NA,0.4,16.17,9.22,3.07,0.16
"778",3,1900,"f","north","wet",237,0.4,25.9,13.9,2.2,2.26
"779",3,1901,"f","south","wet",262,2.2,29.66,14.56,7.85,0.14
"780",3,1902,"f","south","wet",357,8.6,41.68,19.52,14.54,0.09
"781",3,1903,"f","south","wet",227,0.6,18.77,8.93,4.33,0.07
"782",3,1904,"f","south","wet",197,1,23.19,20.14,3.86,0.12
"783",3,1905,"f","south","wet",187,1.5,30.32,13.01,4.27,0.09
"784",3,1906,"f","south","wet",237,0.8,33.81,9.71,3.06,0.22
"785",3,1907,"f","south","wet",327,0.5,15.63,11.51,3.53,0.2
"786",3,1908,"f","south","wet",247,0.3,15.2,6.5,3.51,0.21
"787",3,1909,"f","south","wet",357,0.5,20.67,11.76,2.35,0.05
"788",3,1910,"f","south","wet",327,0.8,21.2,8.3,6.2,0.16
"789",3,1911,"f","north","wet",247,0.4,20,9.1,1.9,2.73
"790",3,1912,"f","south","wet",222,2.6,32,17.4,6.8,0.12
"791",3,1914,"f","south","wet",187,0.5,18.35,8.26,4.44,0.08
"792",3,1915,"f","south","wet",227,0.9,21.61,15.29,3.25,0.13
"793",3,1916,"f","south","wet",197,0.8,23.35,13.54,3.32,0.11
"794",3,1917,"f","south","wet",337,1.4,34.61,13.83,3.6,0.13
"795",3,1918,"f","south","wet",187,0.7,25.54,8.94,3.79,0.02
"796",3,1919,"f","south","wet",307,1.8,30.66,14.96,5.38,0.03
"797",3,1920,"f","south","wet",307,1.8,32.79,13.55,6.38,0.02
"798",3,1921,"f","south","wet",197,0.6,22.08,11.87,2.98,0.05
"799",3,1922,"f","north","wet",NA,0.8,20.2,19.6,3,2.94
"800",3,1923,"f","north","wet",267,1.1,25.5,15.4,3,1.79
"801",3,1924,"f","south","wet",197,7.6,NA,NA,NA,0.04
"802",3,1927,"f","south","wet",327,0.5,19.7,7.95,3,0.03
"803",3,1928,"f","south","wet",327,0.5,22.23,8.27,3.86,NA
"804",3,1929,"f","south","wet",317,1.1,33.29,12.16,4.32,0.06
"805",3,1930,"f","south","wet",297,2.2,33.95,13.11,5,0.06
"806",3,1931,"f","south","wet",227,0.7,24.37,12.42,2.97,0.03
"807",3,1932,"f","south","wet",317,1.4,24.78,17.5,4.68,0.09
"808",3,1933,"f","south","wet",237,6.5,35.74,25.4,9.64,0.09
"809",3,1934,"f","north","wet",217,0.4,21,13.2,3.5,1.69
"810",3,1935,"f","south","wet",307,0.2,16.04,6.93,2.59,0.12
"811",3,1936,"f","south","wet",207,1.4,22.1,14.14,7.36,0.13
"812",3,1937,"f","south","wet",197,3.3,27.55,19.37,8.41,0.12
"813",3,1938,"f","south","wet",347,0.5,17.3,9.6,3.3,0.14
"814",3,1939,"f","south","wet",217,0.4,23.9,7.2,2.4,0.12
"815",3,1940,"f","south","wet",337,0.8,29.8,11.6,3,0.11
"816",3,1941,"f","south","wet",217,1,31.25,13,2.85,0.03
"817",3,1943,"f","south","wet",307,4,41.9,16.3,8.5,0.09
"818",3,1944,"f","south","wet",197,0.7,29.6,9.7,3.6,0.1
"819",3,1945,"f","north","wet",297,0.7,19.3,11.3,4.3,1.51
"820",3,1946,"f","south","wet",257,0.5,19,8.8,3.2,0.18
"821",3,1947,"f","south","wet",257,0.1,14.2,5.38,2.47,0.18
"822",3,1948,"f","south","wet",207,1.3,24.25,18.24,3.86,0.19
"823",3,1949,"f","south","wet",182,0.5,25.3,8.7,2.5,0.16
"824",3,1950,"f","south","wet",322,0.2,22.2,6.7,2.5,0.15
"825",3,1952,"f","south","wet",312,0.9,20.5,10.2,4.4,0.13
"826",3,1953,"f","south","wet",347,2.4,26.09,19.96,5.36,0.07
"827",3,1954,"f","south","wet",207,0.8,22.1,9.8,4.4,0.06
"828",3,1955,"f","south","wet",352,1.9,43,8.7,5.3,0.05
"829",3,1956,"f","north","wet",287,0.8,29.6,9.2,2.4,1.45
"830",3,1957,"f","south","wet",257,0.4,22.4,8.8,2.6,0.07
"831",3,1958,"f","south","wet",282,0.7,21.6,10.6,3.5,0.09
"832",3,1959,"f","north","wet",NA,0.7,15.7,12.9,2.8,0.11
"833",3,1960,"f","north","wet",182,1.4,34.96,12.28,4.5,0.09
"834",3,1961,"f","south","wet",217,2.1,26.2,17.3,4.9,0.04
"835",3,1962,"f","south","wet",347,0.3,16.87,9.3,2.58,0.19
"836",3,1963,"f","south","wet",237,0.6,27.31,9.26,3.58,0.21
"837",3,1964,"f","south","wet",252,0.4,20.33,12.41,2.42,0.24
"838",3,1965,"f","south","wet",347,1.1,25,16.5,4,0.16
"839",3,1966,"f","south","wet",227,2.6,40.3,17.2,4.1,0.13
"840",3,1967,"f","north","wet",NA,0.4,13.9,10.9,2.7,3.04
"841",3,1969,"f","south","wet",332,6.3,43.55,16.53,14.43,0.2
"842",3,1971,"f","south","wet",317,0.3,19.6,8.5,2.6,0.23
"843",3,1972,"f","south","wet",347,0.2,18.8,8.1,2.3,0.11
"844",3,1973,"f","south","wet",NA,0.4,14.4,13.1,2.8,0.09
"845",3,1975,"f","south","wet",247,1.1,26.6,9.6,3.9,0.04
"846",3,1976,"f","south","wet",NA,0.3,13.49,13.24,2.2,0.06
"847",3,1977,"f","south","wet",207,0.5,21.2,11.4,3.9,0.02
"848",3,1978,"f","north","wet",182,0.5,28,10.3,2,1.1
"849",3,1980,"f","south","wet",277,0.4,22.5,8.1,2.8,0.16
"850",3,1981,"f","south","wet",NA,0.8,26.3,9.6,3.2,0.31
"851",3,1982,"f","south","wet",257,0.9,24.8,11.6,3,0.03
"852",3,1983,"f","south","wet",297,0.9,18.9,10,7.1,0.03
"853",3,1984,"f","south","wet",317,2.7,39.24,15.83,7.54,0.06
"854",3,1985,"f","north","wet",262,0.4,19.5,12.2,2.4,4.13
"855",3,1986,"f","south","wet",287,0.6,17.6,11.4,3.6,1.42
"856",3,1987,"f","south","wet",267,1.1,23.6,13.6,4.7,0.14
"857",3,1988,"f","south","wet",272,0.3,15,8.7,3,0.09
"858",3,1989,"f","north","wet",277,0.8,27.08,11.09,2.9,0.8
"859",3,1990,"f","south","wet",277,0.6,21,13.5,2.5,0.1
"860",3,1991,"f","south","wet",NA,0.4,13.2,11.1,3.6,0.17
"861",3,1994,"f","south","wet",217,0.4,14,8.8,4.3,0.62
"862",3,1995,"f","south","wet",327,0.2,21.9,4.5,1.3,0.79
"863",3,1996,"f","south","wet",297,0.7,22.9,9.1,2.5,0.23
"864",3,1997,"f","south","wet",247,2.7,35.83,19.91,5.81,0.19
"865",3,2000,"f","north","wet",357,2.3,33,11.9,6.8,0.34
"866",3,2002,"f","south","wet",327,0.3,12.4,8.1,3,0.2
"867",3,2003,"f","south","wet",352,0.3,17.4,7.5,3.6,0.3
"868",3,2004,"f","south","wet",312,0.4,21.7,8.1,2.2,0.18
"869",3,2005,"f","south","wet",267,0.2,15,7.8,3.1,0.11
"870",3,2006,"f","south","wet",202,0.5,18.3,9.2,3.1,0.1
"871",3,2007,"f","south","wet",282,4.9,48.6,13,7.8,0.06
"872",3,2008,"f","south","wet",287,0.4,20.5,14.2,1.9,0.02
"873",3,2011,"f","north","wet",187,2.3,39.8,9.8,5.2,0.97
"874",3,2013,"f","south","wet",187,0.4,14.6,10.5,3,0.23
"875",3,2014,"f","south","wet",197,0.8,28.3,10.4,3.1,0.29
"876",3,2015,"f","south","wet",237,0.4,15.8,10.4,3,1.11
"877",3,2016,"f","south","wet",182,0.3,15.2,7.3,2.9,1.33
"878",3,2017,"f","south","wet",227,0.4,24.9,7.7,2.8,NA
"879",3,2018,"f","south","wet",352,0.9,21.4,17.1,3.1,0.04
"880",3,2019,"f","south","wet",327,1.1,24.4,15.4,4.6,0.07
"881",3,2020,"f","south","wet",252,0.4,16,8.2,4,0.1
"882",3,2021,"f","south","wet",287,0.6,16.4,11.3,5.4,0.05
"883",3,2022,"f","north","wet",202,0.8,23.6,7,2.7,0.77
"884",3,2023,"f","south","wet",NA,0.6,24.7,9.2,2.9,0.06
"885",3,2024,"f","south","wet",207,3.8,27.8,20.2,5.1,NA
"886",3,2027,"f","south","wet",357,2.6,33.5,14.1,6.5,0.18
"887",3,2031,"f","south","wet",217,0.3,17.9,7.1,2.9,0.05
"888",3,2032,"f","south","wet",217,0.5,18.8,9.5,3,0.05
"889",3,2033,"f","north","wet",307,0.5,20,9.5,2.5,2.34
"890",3,2034,"f","north","wet",NA,3.2,27.5,22.8,5.9,0.73
"891",3,2035,"f","south","wet",277,0.9,16.8,12,6.5,0.06
"892",3,2036,"f","south","wet",277,1.5,24,11.4,3.8,0.09
"893",3,2037,"f","south","wet",272,0.4,19.87,9.3,2.25,0.08
"894",3,2038,"f","south","wet",217,0.9,24.1,13.7,5.5,0.09
"895",3,2039,"f","south","wet",292,1.3,25.2,20.3,3.7,0.02
"896",3,2040,"f","south","wet",292,1.4,23.4,12.3,6.3,0.02
"897",3,2041,"f","south","wet",317,1,23.3,14.2,4.8,0.01
"898",3,2042,"f","south","wet",307,1.5,26.6,13.3,4.7,0.07
"899",3,2043,"f","south","wet",307,0.8,20.1,12.3,4.6,0.07
"900",3,2045,"f","north","wet",NA,0.5,11.4,9,4.4,0.88
"901",3,2046,"f","south","wet",337,2.4,24.9,16.6,6.6,0.14
"902",3,2047,"f","south","wet",347,0.5,28.9,9.3,2.3,0.22
"903",3,2048,"f","south","wet",332,3.2,30.6,16.9,6.4,0.2
"904",3,2049,"f","south","wet",267,0.5,21.9,7.6,3.4,0.21
"905",3,2051,"f","south","wet",217,0.6,30.4,8.9,2.8,0.31
"906",3,2053,"f","south","wet",237,0.4,17.8,6.3,3.3,0.72
"907",3,2054,"f","south","wet",267,0.5,17.5,10,3.8,1.46
"908",3,2056,"f","north","wet",317,0.3,23.1,17.5,2.3,1.36
"909",3,2057,"f","south","wet",187,0.4,18.2,9.3,3.1,0.24
"910",3,2058,"f","south","wet",347,8.5,36.5,21.9,15.8,0.22
"911",3,2059,"f","south","wet",277,1.4,27.7,19.6,3.5,0.21
"912",3,2060,"f","south","wet",267,0.6,20.3,14.5,3.2,0.08
"913",3,2061,"f","south","wet",347,0.5,17.8,10.3,2.9,0.06
"914",3,2062,"f","south","wet",267,0.5,21.6,8.3,3.5,0.11
"915",3,2063,"f","south","wet",287,0.2,15.7,11.3,2.5,0.1
"916",3,2064,"f","south","wet",232,1.3,30.5,14.9,3.1,0.07
"917",3,2066,"f","south","wet",252,0.8,18.3,12.7,3.6,0.02
"918",3,2067,"f","north","wet",292,1.2,31.8,11.4,3.2,1.24
"919",3,2068,"f","south","wet",347,1.2,20.2,14.8,4.4,0.04
"920",3,2069,"f","south","wet",182,6.4,39.2,23.5,8.6,0.05
"921",3,2071,"f","south","wet",342,1.3,22.17,12.5,6.4,0.11
"922",3,2072,"f","south","wet",342,0.8,22.6,9.2,5,0.12
"923",3,2073,"f","south","wet",297,0.4,26,7.2,3.5,0.21
"924",3,2074,"f","south","wet",307,0.7,21.5,14.7,2.9,0.1
"925",3,2075,"f","south","wet",327,4,34.6,16.7,10.5,0.13
"926",3,2076,"f","south","wet",277,1.3,32.8,9.6,5.2,0.26
"927",3,2077,"f","south","wet",307,1.5,22.2,14.7,6.6,0.27
"928",3,2078,"f","north","wet",342,0.7,21.3,15,2.8,2.06
"929",3,2079,"f","south","wet",247,0.6,26.4,11.9,3.5,0.16
"930",3,2080,"f","south","wet",257,0.8,28.8,13.2,2.5,0.1
"931",3,2081,"f","south","wet",257,2.2,31.8,17.1,6.3,0.08
"932",3,2082,"f","south","wet",277,0.7,14.3,10.5,7.2,0.2
"933",3,2084,"f","south","wet",267,1.1,19.5,16.6,5.2,0.29
"934",3,2085,"f","south","wet",327,5,35.4,24.3,7.1,0.15
"935",3,2086,"f","south","wet",212,0.6,25.8,9.9,2.8,0.12
"936",3,2087,"f","south","wet",NA,0.8,19.4,16.8,3.2,0.1
"937",3,2088,"f","south","wet",192,0.1,15.7,6.3,2.2,0.71
"938",3,2089,"f","north","wet",272,1.3,25.7,13.3,4.7,1.15
"939",3,2090,"f","south","wet",NA,0.9,19.4,18.8,4.3,1.26
"940",3,2091,"f","south","wet",197,2.3,26.6,19.6,5.3,0.16
"941",3,2092,"f","south","wet",337,7,52.6,16.9,11.7,0.08
"942",3,2093,"f","south","wet",197,2.5,24.5,21.5,7.4,0.07
"943",3,2094,"f","south","wet",202,0.5,19.9,13.6,4.1,0.08
"944",3,2095,"f","south","wet",187,5.8,36.7,25.3,7.8,0.09
"945",3,2096,"f","south","wet",327,1.9,34.6,14.3,4.3,NA
"946",3,2097,"f","south","wet",247,0.4,26.1,8.8,1.9,0.03
"947",3,2098,"f","south","wet",232,0.7,23.8,11.4,2.8,0.03
"948",3,2099,"f","south","wet",317,0.4,27.9,6.7,2.3,0.04
"949",3,2100,"f","north","wet",197,0.4,17.3,8.9,3,0.85
"950",3,2101,"f","south","wet",217,1.6,26.8,19,5.5,0.04
"951",3,2102,"f","south","wet",187,1.3,24,15.2,4.1,0.07
"952",3,2103,"f","south","wet",217,1.2,26.5,13.5,3.7,0.09
"953",3,2104,"f","south","wet",237,1.1,20.1,13.2,3.7,0.12
"954",3,2105,"f","south","wet",347,0.8,19.4,11.4,3.4,0.12
"955",3,2106,"f","south","wet",332,0.6,16.7,10.3,4.9,0.05
"956",3,2109,"f","south","wet",227,1.4,24.2,22.3,4.5,0.05
"957",3,2110,"f","south","wet",347,4,39.5,13.1,6.2,0.04
"958",3,2111,"f","north","wet",357,0.3,19,7.4,2.2,0.5
"959",3,2112,"f","south","wet",307,0.8,30.5,10,3.5,0.06
"960",3,2113,"f","south","wet",182,0.6,20.6,13.5,3.5,0.04
"961",3,2114,"f","south","wet",352,0.8,24.1,11.8,3.8,0.05
"962",3,2115,"f","south","wet",182,6.4,38.3,23.9,7.8,0.1
"963",3,2116,"f","south","wet",307,1.4,33.6,10,4.6,0.13
"964",3,2117,"f","south","wet",337,2,28.9,13.9,5,0.07
"965",3,2118,"f","south","wet",277,9.8,47.6,19.27,15.14,0.05
"966",3,2119,"f","south","wet",292,1.1,21.7,11.1,8.8,0.01
"967",3,2122,"f","north","wet",217,0.8,25.8,11.7,3,0.44
"968",3,2123,"f","north","wet",207,0.6,17.9,13,3,0.12
"969",3,2124,"f","south","wet",NA,0.2,16.4,7.7,3.7,0.19
"970",3,2125,"f","north","wet",NA,0.4,12.3,10.77,3.87,1.35
"971",3,2126,"f","north","wet",NA,0.2,10.3,8.2,2.6,0.76
"972",3,2127,"f","north","wet",NA,0.7,15.2,13.1,3.7,0.63
"973",3,2128,"f","north","wet",302,0.6,22.4,14.6,2.8,2.5
"974",3,2129,"f","north","wet",307,0.4,17.2,9.8,2.5,0.89
"975",3,2130,"f","north","wet",202,0.3,14.6,6.9,3,1.11
"976",3,2131,"f","north","wet",347,0.6,21.3,8.8,2.7,1.07
"977",3,2132,"f","north","wet",287,0.2,18.6,8.6,1.8,1.26
"978",3,2133,"f","north","wet",317,0.4,15.2,10.9,2.3,1.31
"979",3,2134,"f","north","wet",287,0.5,15.8,11.2,3.9,0.27
"980",3,2136,"f","north","wet",277,0.8,20.2,10,4.3,0.29
"981",3,2137,"f","north","wet",207,1.3,24.4,18.2,3.3,0.27
"982",3,2138,"f","north","wet",237,0.1,14.2,10.8,1.5,1.37
"983",3,2139,"f","north","wet",297,0.4,24,9.8,12.04,1.97
"984",3,2140,"f","north","wet",327,2.9,32.5,18.9,6.7,0.22
"985",3,2141,"f","north","wet",NA,0.4,15.4,11,4.3,0.18
"986",3,2143,"f","north","wet",217,0.6,26,11.7,2.9,0.48
"987",3,2145,"f","north","wet",347,2.4,32.5,17.6,4.7,0.27
"988",3,2146,"f","north","wet",197,0.3,18.6,9.1,2,1.18
"989",3,2147,"f","north","wet",207,0.4,18.91,10.02,2.29,1.07
"990",3,2148,"f","north","wet",227,0.2,19.2,11.6,1.5,1.28
"991",3,2149,"f","north","wet",292,1.5,27.4,20.8,4.7,0.81
"992",3,2150,"f","north","wet",352,0.4,21.5,12,2.3,1.69
"993",3,2151,"f","north","wet",277,0.4,19,6.9,3.1,1.01
"994",3,2152,"f","north","wet",327,0.4,18.6,8.2,2.3,0.6
"995",3,2153,"f","north","wet",197,1.4,38,13.1,3.8,0.41
"996",3,2154,"f","north","wet",277,0.7,25.3,10.9,2.3,0.71
"997",3,2155,"f","north","wet",287,0.9,18.3,16.6,4.4,0.62
"998",3,2156,"f","north","wet",232,0.2,16.1,7.7,2.5,0.59
"999",3,2157,"f","north","wet",277,0.3,16.2,8.7,2.1,0.5
"1000",3,2158,"f","north","wet",297,0.8,34.3,10.8,2.6,0.61
"1001",3,2159,"f","north","wet",337,0.8,18.9,12.4,4.2,0.83
"1002",3,2160,"f","north","wet",307,0.2,16.5,7.8,2.4,0.82
"1003",3,2161,"f","north","wet",357,0.4,18.7,11.2,2.3,1.77
"1004",3,2162,"f","north","wet",347,0.2,21.3,7.9,1.6,0.66
"1005",3,2163,"f","north","wet",327,0.1,17.5,5.7,2,0.63
"1006",3,2164,"f","north","wet",277,1.4,28.4,16,3.4,0.63
"1007",3,2165,"f","north","wet",197,0.6,18.6,12.4,3,0.59
"1008",3,2166,"f","north","wet",187,0.6,16.8,13.2,3.1,0.56
"1009",3,2167,"f","north","wet",347,0.3,13.9,8,3.1,0.54
"1010",3,2168,"f","north","wet",337,3,39.3,19.3,5,0.5
"1011",3,2170,"f","north","wet",197,0.2,20.1,5.8,2.5,0.98
"1012",3,2171,"f","north","wet",257,0.6,18.6,13,3.2,1.31
"1013",3,2172,"f","north","wet",342,0.3,20.7,10.4,3.2,1.67
"1014",3,2173,"f","north","wet",217,0.3,21.3,6,2.2,1.13
"1015",3,2174,"f","north","wet",NA,0.2,15.7,14.5,2.4,0.98
"1016",3,2175,"f","north","wet",197,0.5,20,10.5,3.2,0.87
"1017",3,2176,"f","north","wet",302,0.4,16.8,11,4.8,0.98
"1018",3,2177,"f","north","wet",292,0.3,20,6.2,3.2,0.64
"1019",3,2178,"f","north","wet",182,0.4,17.3,8.4,3.3,0.88
"1020",3,2179,"f","north","wet",347,0.3,15.6,13.7,2.4,0.91
"1021",3,2180,"f","north","wet",247,0.4,17.36,7.9,3.22,0.96
"1022",3,2181,"f","north","wet",242,0.2,15.4,7.3,2.4,0.77
"1023",3,2182,"f","north","wet",267,0.8,22.3,12.3,4.1,0.79
"1024",3,2183,"f","north","wet",207,0.8,26,9.3,4.5,1.44
"1025",3,2184,"f","north","wet",227,4.5,37.1,15.5,11.2,0.6
"1026",3,2185,"f","north","wet",287,0.6,19.2,13.9,2.9,0.44
"1027",3,2186,"f","north","wet",307,0.2,17.5,8.4,2,0.45
"1028",3,2187,"f","north","wet",322,0.3,15.97,15.3,3,0.28
"1029",3,2188,"f","north","wet",222,0.2,18,5.9,1.3,0.21
"1030",3,2189,"f","north","wet",357,0.3,25.1,8.1,2.1,0.26
"1031",3,2190,"f","north","wet",357,0.4,26.1,7.7,2.6,0.2
"1032",3,2191,"f","north","wet",347,0.8,23.8,16.2,3.3,0.28
"1033",3,2192,"f","north","wet",237,0.8,20.9,15.2,4.1,0.24
"1034",3,2193,"f","north","wet",262,0.2,18.8,7.8,2.4,0.23
"1035",4,2203,"f","south","wet",NA,1.6,24.8,NA,NA,0.42
"1036",4,2204,"f","south","wet",NA,0.7,28.6,NA,NA,0.39
"1037",4,2216,"f","north","wet",NA,0.4,18.3,NA,NA,3.27
"1038",4,2237,"f","north","wet",NA,0.2,18.5,NA,NA,4.64
"1039",4,2238,"f","south","wet",NA,0.9,33.4,NA,NA,1.48
"1040",1,1000,"cf","south",NA,NA,NA,NA,NA,NA,0.02
"1041",1,1001,"cf","south",NA,NA,NA,NA,NA,NA,0.04
"1042",1,1002,"cf","south",NA,NA,NA,NA,NA,NA,NA
"1043",1,1003,"cf","south",NA,NA,NA,NA,NA,NA,0.03
"1044",1,1004,"cf","south",NA,NA,NA,NA,NA,NA,0.01
"1045",1,1005,"cf","south",NA,NA,NA,NA,NA,NA,NA
"1046",1,1006,"cf","south",NA,NA,NA,NA,NA,NA,0.08
"1047",1,1007,"cf","south",NA,NA,NA,NA,NA,NA,NA
"1048",1,1008,"cf","south",NA,NA,NA,NA,NA,NA,0.01
"1049",1,1009,"cf","south",NA,NA,NA,NA,NA,NA,0.01
"1050",1,1010,"cf","south",NA,NA,NA,NA,NA,NA,0.01
"1051",1,1011,"cf","south",NA,NA,NA,NA,NA,NA,0.01
"1052",1,1012,"cf","south",NA,NA,NA,NA,NA,NA,0.01
"1053",1,1013,"cf","south",NA,NA,NA,NA,NA,NA,NA
"1054",1,1032,"cf","south",NA,NA,NA,NA,NA,NA,0.02
"1055",1,1063,"cf","south",NA,NA,NA,NA,NA,NA,0.01
"1056",1,1094,"cf","south",NA,NA,NA,NA,NA,NA,NA
"1057",1,1126,"cf","south",NA,NA,NA,NA,NA,NA,NA
"1058",1,1157,"cf","south",NA,NA,NA,NA,NA,NA,0.01
"1059",1,1188,"cf","south",NA,NA,NA,NA,NA,NA,0.04
"1060",1,1221,"cf","south",NA,NA,NA,NA,NA,NA,NA
"1061",1,1235,"cf","south",NA,NA,NA,NA,NA,NA,0.02
"1062",1,1247,"cf","south",NA,NA,NA,NA,NA,NA,0.01
"1063",1,1253,"cf","south",NA,NA,NA,NA,NA,NA,0.01
"1064",1,1284,"cf","south",NA,NA,NA,NA,NA,NA,0.04
"1065",1,1315,"cf","south",NA,NA,NA,NA,NA,NA,0.02
"1066",1,1344,"cf","south",NA,NA,NA,NA,NA,NA,NA
"1067",1,1366,"cf","south",NA,NA,NA,NA,NA,NA,0.01
"1068",1,1396,"cf","south",NA,NA,NA,NA,NA,NA,0.02
"1069",2,1428,"cf","south","dry",277,15.5,33.4,26,19.8,0.28
"1070",2,1435,"cf","south","dry",NA,5.6,26.8,22.1,13.4,0.11
"1071",2,1445,"cf","south","dry",NA,16.2,32.1,26.3,22.9,0.49
"1072",2,1453,"cf","south","dry",NA,7.9,25.9,21.4,16.6,0.04
"1073",2,1456,"cf","south","dry",277,15.9,40.1,29.1,14.3,0.09
"1074",2,1468,"cf","south","dry",207,14.7,34.7,23.5,20.9,0.03
"1075",2,1486,"cf","south","dry",NA,7.6,24.4,22.8,13.4,0.55
"1076",2,1494,"cf","south","dry",267,10.9,33,24.8,14,0.05
"1077",2,1504,"cf","south","dry",267,8.9,34.8,27.7,14.5,0.03
"1078",2,1506,"cf","south","dry",327,21,36,27.6,21.5,0.77
"1079",2,1528,"cf","south","dry",NA,3.8,18.4,16.1,12.6,0.14
"1080",2,1535,"cf","south","dry",337,8.1,32.5,19.2,14.4,0.39
"1081",2,1584,"cf","south","dry",NA,18.9,38,25.7,18.7,0.06
"1082",2,1587,"cf","north","dry",NA,12.7,32.5,27.6,20.4,0.43
"1083",2,1610,"cf","south","dry",NA,13.9,27.9,24.2,19.1,0.15
"1084",2,1612,"cf","north","dry",NA,14.6,31.9,26,18.7,0.15
"1085",2,1616,"cf","south","dry",NA,10.1,27.9,26.2,15.6,0.04
"1086",2,1637,"cf","south","dry",NA,21.9,37.8,28.8,19.3,0.09
"1087",2,1640,"cf","south","dry",NA,16.7,33.7,29.2,15.1,0.31
"1088",2,1663,"cf","north","dry",357,10.7,23.5,15.2,10,0.47
"1089",2,1729,"cf","north","dry",NA,9.2,30.5,18.6,18.3,0.32
"1090",2,1746,"cf",NA,"dry",NA,23.4,39.3,29.3,23.8,6.34
"1091",2,1748,"cf","south","dry",NA,13.4,35.8,30.5,16.8,0.35
"1092",2,1751,"cf","south","dry",NA,12,34.6,29.3,11.6,0.05
"1093",2,1770,"cf","south","dry",NA,6.4,27.4,22.1,14.6,0.08
"1094",2,1782,"cf","north","dry",NA,6,25.5,22.2,12.8,0.25
"1095",2,1806,"cf","south","dry",NA,14.3,31.2,23,20.5,0.79
"1096",2,1810,"cf","south","dry",NA,7.4,22.2,20.4,17.2,0.11
"1097",3,1830,"cf","north","wet",262,10.8,NA,NA,NA,0.39
"1098",3,1847,"cf","north","wet",NA,14.9,NA,NA,NA,0.11
"1099",3,1848,"cf","south","wet",NA,14.2,NA,NA,NA,0.16
"1100",3,1861,"cf","south","wet",NA,16.5,NA,NA,NA,0.64
"1101",3,1873,"cf","south","wet",197,20.7,NA,NA,NA,0.94
"1102",3,1880,"cf","south","wet",227,8.1,NA,NA,NA,0.41
"1103",3,1896,"cf","south","wet",NA,21.9,NA,NA,NA,0.11
"1104",3,1913,"cf","south","wet",NA,10.2,NA,NA,NA,0.05
"1105",3,1926,"cf","south","wet",267,19.2,NA,NA,NA,0.03
"1106",3,1979,"cf","south","wet",NA,8.9,NA,NA,NA,0.01
"1107",3,1993,"cf","south","wet",NA,7.4,NA,NA,NA,0.57
"1108",3,1999,"cf","south","wet",327,10.9,NA,NA,NA,0.09
"1109",3,2010,"cf","south","wet",357,14.4,NA,NA,NA,0.04
"1110",3,2026,"cf","south","wet",187,16.2,NA,NA,NA,0.44
"1111",3,2028,"cf","south","wet",267,15.9,NA,NA,NA,0.06
"1112",3,2029,"cf","south","wet",237,7.8,NA,NA,NA,0.02
"1113",3,2044,"cf","south","wet",NA,3.6,NA,NA,NA,0.11
"1114",3,2050,"cf","south","wet",307,15.5,NA,NA,NA,0.26
"1115",3,2055,"cf","south","wet",NA,14.6,NA,NA,NA,0.83
"1116",3,2070,"cf","south","wet",277,7.4,NA,NA,NA,0.11
"1117",3,2107,"cf","south","wet",267,6.4,NA,NA,NA,0.06
"1118",3,2120,"cf","south","wet",287,13.3,NA,NA,NA,0.06
"1119",3,2121,"cf","south","wet",NA,11.9,NA,NA,NA,0.31
"1120",3,2135,"cf","north","wet",NA,6.1,25.8,22.3,14.2,0.3
"1121",3,2142,"cf","north","wet",NA,12.6,32.6,24.7,21.3,0.46
"1122",3,2169,"cf","north","wet",202,9.1,NA,NA,NA,0.34
"1123",4,2194,"cf","north","wet",NA,8.8,30.3,NA,NA,3.3
"1124",4,2195,"cf","south","wet",NA,17.3,32.6,NA,NA,3.72
"1125",4,2197,"cf","south","wet",NA,21.7,38.4,NA,NA,0.55
"1126",4,2198,"cf","south","wet",NA,7.4,31.2,NA,NA,0.05
"1127",4,2200,"cf","south","wet",NA,18.9,37.7,NA,NA,0.04
"1128",4,2201,"cf","south","wet",NA,20.7,35.5,NA,NA,0.97
"1129",4,2202,"cf","south","wet",NA,7.6,32.8,NA,NA,0.42
"1130",4,2205,"cf","south","wet",NA,12,34.5,NA,NA,0.42
"1131",4,2213,"cf","south","wet",NA,10.8,32.4,NA,NA,0.21
"1132",4,2214,"cf","south","wet",NA,6.9,25.5,NA,NA,0.58
"1133",4,2218,"cf","south","wet",NA,13.2,35.8,NA,NA,0.3
"1134",4,2219,"cf","south","wet",NA,14.6,35.4,NA,NA,0.34
"1135",4,2220,"cf","south","wet",NA,15.9,40.1,NA,NA,0.12
"1136",4,2222,"cf","south","wet",NA,7.7,25.3,NA,NA,0.56
"1137",4,2223,"cf","south","wet",NA,1,13.8,NA,NA,0.57
"1138",4,2224,"cf","south","wet",NA,16,33.3,NA,NA,0.44
"1139",4,2225,"cf","south","wet",NA,5.8,26.8,NA,NA,0.21
"1140",4,2227,"cf","north","wet",NA,8.8,34.5,NA,NA,0.12
"1141",4,2228,"cf","south","wet",NA,14.3,31.5,NA,NA,0.81
"1142",4,2229,"cf","south","wet",NA,7.2,22.6,NA,NA,0.49
"1143",4,2232,"cf","south","wet",NA,6.3,28,NA,NA,0.12
"1144",4,2233,"cf","south","wet",NA,1,15.6,NA,NA,0.18
"1145",4,2235,"cf","north","wet",NA,14.7,32.2,NA,NA,0.42
"1146",1,1031,"cb","south",NA,NA,NA,NA,NA,NA,NA
"1147",1,1033,"cb","south",NA,NA,NA,NA,NA,NA,0.01
"1148",1,1062,"cb","south",NA,NA,NA,NA,NA,NA,0.01
"1149",1,1064,"cb","south",NA,NA,NA,NA,NA,NA,0.01
"1150",1,1093,"cb","south",NA,NA,NA,NA,NA,NA,NA
"1151",1,1095,"cb","south",NA,NA,NA,NA,NA,NA,NA
"1152",1,1123,"cb","south",NA,NA,NA,NA,NA,NA,NA
"1153",1,1124,"cb","south",NA,NA,NA,NA,NA,NA,0.01
"1154",1,1127,"cb","south",NA,NA,NA,NA,NA,NA,0.01
"1155",1,1156,"cb","south",NA,NA,NA,NA,NA,NA,NA
"1156",1,1159,"cb","south",NA,NA,NA,NA,NA,NA,0.01
"1157",1,1187,"cb","south",NA,NA,NA,NA,NA,NA,0.03
"1158",1,1189,"cb","south",NA,NA,NA,NA,NA,NA,0.04
"1159",1,1219,"cb","south",NA,NA,NA,NA,NA,NA,NA
"1160",1,1220,"cb","south",NA,NA,NA,NA,NA,NA,NA
"1161",1,1236,"cb","south",NA,NA,NA,NA,NA,NA,0.01
"1162",1,1251,"cb","south",NA,NA,NA,NA,NA,NA,NA
"1163",1,1252,"cb","south",NA,NA,NA,NA,NA,NA,0.01
"1164",1,1258,"cb","south",NA,NA,NA,NA,NA,NA,NA
"1165",1,1282,"cb","south",NA,NA,NA,NA,NA,NA,0.03
"1166",1,1283,"cb","south",NA,NA,NA,NA,NA,NA,0.03
"1167",1,1312,"cb","south",NA,NA,NA,NA,NA,NA,0.01
"1168",1,1314,"cb","south",NA,NA,NA,NA,NA,NA,0.01
"1169",1,1342,"cb","south",NA,NA,NA,NA,NA,NA,0.01
"1170",1,1343,"cb","south",NA,NA,NA,NA,NA,NA,0.04
"1171",1,1345,"cb","south",NA,NA,NA,NA,NA,NA,0.02
"1172",1,1364,"cb","south",NA,NA,NA,NA,NA,NA,NA
"1173",1,1367,"cb","south",NA,NA,NA,NA,NA,NA,0.01
"1174",1,1395,"cb","south",NA,NA,NA,NA,NA,NA,0.02
"1175",1,1397,"cb","south",NA,NA,NA,NA,NA,NA,NA
"1176",2,1410,"cb","north","dry",227,0.3,14.7,6.1,2.9,1
"1177",2,1414,"cb","south","dry",337,0.5,17.4,11.2,3.6,0.01
"1178",2,1422,"cb","south","dry",267,0.8,14.5,8.7,7,0.79
"1179",2,1446,"cb","south","dry",257,1.1,13.8,9.6,7.3,0.21
"1180",2,1455,"cb","south","dry",277,0.7,16.4,7.3,7,0.06
"1181",2,1467,"cb","south","dry",327,1.1,17,11.4,5,0.06
"1182",2,1469,"cb","south","dry",247,0.6,19.4,9.6,4.5,0.04
"1183",2,1492,"cb","south","dry",317,1.5,21.1,10.1,7.9,0.13
"1184",2,1493,"cb","south","dry",NA,0.4,12.2,10.7,4,0.05
"1185",2,1517,"cb","south","dry",297,1.1,17.8,12.9,4.7,0.05
"1186",2,1556,"cb","south","dry",247,1.9,24.8,13.6,4.7,0.1
"1187",2,1571,"cb","south","dry",NA,0.8,13.6,13.2,6.1,0.04
"1188",2,1576,"cb","north","dry",267,0.8,16.4,9.3,6.3,0.42
"1189",2,1585,"cb","south","dry",NA,1.1,20.3,15.5,5.6,0.06
"1190",2,1608,"cb","south","dry",NA,0.6,14.3,11.6,5.3,0.04
"1191",2,1615,"cb","south","dry",217,0.3,18.5,8.2,4.4,0.03
"1192",2,1636,"cb","south","dry",307,1.6,18.6,12.7,8.3,0.06
"1193",2,1638,"cb","south","dry",NA,2,17,11.8,6.7,0.14
"1194",2,1661,"cb","north","dry",NA,0.2,9.7,7.5,2.5,0.87
"1195",2,1691,"cb","north","dry",NA,0.6,13.7,6.9,4.9,0.23
"1196",2,1731,"cb","north","dry",NA,0.4,13,10.3,2.8,3.05
"1197",2,1744,"cb","north","dry",NA,0.5,13.9,10.6,2.9,3.04
"1198",2,1769,"cb","south","dry",317,0.9,15.7,8.6,7.2,0.04
"1199",2,1795,"cb","south","dry",327,0.7,16.7,10.1,5.5,0.18
"1200",3,1821,"cb","north","wet",NA,0.2,NA,NA,NA,0.75
"1201",3,1840,"cb","north","wet",NA,NA,NA,NA,NA,0.38
"1202",3,1843,"cb","north","wet",257,0.4,NA,NA,NA,0.23
"1203",3,1895,"cb","south","wet",317,1.9,NA,NA,NA,0.15
"1204",3,1897,"cb","south","wet",217,1.7,NA,NA,NA,0.05
"1205",3,1925,"cb","south","wet",337,1.1,NA,NA,NA,0.06
"1206",3,1942,"cb","south","wet",NA,0.8,NA,NA,NA,0.06
"1207",3,1951,"cb","south","wet",247,1.8,NA,NA,NA,0.13
"1208",3,1968,"cb","south","wet",227,0.9,NA,NA,NA,0.15
"1209",3,1970,"cb","south","wet",NA,3.8,NA,NA,NA,0.15
"1210",3,1974,"cb","south","wet",317,1.1,NA,NA,NA,0.07
"1211",3,1992,"cb","south","wet",197,0.9,NA,NA,NA,0.48
"1212",3,1998,"cb","south","wet",232,1.4,NA,NA,NA,0.17
"1213",3,2001,"cb","south","wet",NA,0.4,NA,NA,NA,0.06
"1214",3,2009,"cb","south","wet",287,0.7,NA,NA,NA,0.02
"1215",3,2012,"cb","south","wet",347,0.9,17.6,12.3,4.7,0.07
"1216",3,2025,"cb","south","wet",337,1,NA,NA,NA,0.21
"1217",3,2030,"cb","south","wet",332,0.8,NA,NA,NA,0.04
"1218",3,2052,"cb","south","wet",272,0.8,NA,NA,NA,0.79
"1219",3,2065,"cb","south","wet",347,0.5,NA,NA,NA,0.02
"1220",3,2083,"cb","south","wet",307,0.7,NA,NA,NA,0.17
"1221",3,2108,"cb","south","wet",317,0.9,NA,NA,NA,0.04
"1222",3,2144,"cb","north","wet",332,0.8,16.5,7.2,5.9,0.48
"1223",4,2196,"cb","south","wet",NA,1.7,17.1,NA,NA,0.17
"1224",4,2199,"cb","south","wet",NA,1.1,20.4,NA,NA,0.07
"1225",4,2206,"cb","south","wet",NA,0.3,13.8,NA,NA,0.34
"1226",4,2207,"cb","south","wet",NA,0.8,13.5,NA,NA,0.08
"1227",4,2208,"cb","south","wet",NA,0.9,18.5,NA,NA,0.25
"1228",4,2209,"cb","south","wet",NA,3.7,19.5,NA,NA,0.23
"1229",4,2210,"cb","south","wet",NA,0.8,18.3,NA,NA,0.2
"1230",4,2211,"cb","south","wet",NA,0.7,17.7,NA,NA,0.6
"1231",4,2212,"cb","south","wet",NA,1.6,18.6,NA,NA,0.23
"1232",4,2215,"cb","south","wet",NA,1.2,22.3,NA,NA,0.27
"1233",4,2217,"cb","south","wet",NA,0.1,11.8,NA,NA,0.06
"1234",4,2221,"cb","south","wet",NA,0.4,19.1,NA,NA,0.1
"1235",4,2226,"cb","south","wet",NA,0.8,14.5,NA,NA,0.81
"1236",4,2230,"cb","south","wet",NA,0.4,17.2,NA,NA,0.02
"1237",4,2231,"cb","south","wet",NA,0.8,16.6,NA,NA,0.28
"1238",4,2234,"cb","north","wet",NA,0.5,14.3,NA,NA,0.37
"1239",4,2236,"cb","north","wet",NA,10.5,30.4,NA,NA,0.32
